unique_id,dataset_index,unique_submissions,MNIST_label
1,0,1,5
2,1,1,0
3,1,1,0
4,2,1,4
5,4,1,9
6,5,1,2
7,6,1,1
8,6,1,1
9,8,1,1
10,9,1,4
11,10,1,3
12,11,1,5
13,12,1,3
14,13,1,6
15,14,1,1
16,15,1,7
17,15,1,7
18,17,1,8
19,18,1,6
20,19,1,9
21,19,1,9
22,21,1,0
23,21,1,0
24,23,1,1
25,24,1,1
26,25,1,2
27,26,1,4
28,27,1,3
29,28,1,2
30,29,1,7
31,30,1,3
32,31,1,8
33,32,1,6
34,33,1,9
35,34,1,0
36,35,1,5
37,36,1,6
38,37,1,0
39,38,1,7
40,39,1,6
41,40,1,1
42,41,1,8
43,42,1,7
44,43,1,9
45,44,1,3
46,45,1,9
47,45,1,9
48,46,1,8
49,47,1,5
50,48,1,9
51,49,1,3
52,50,1,3
53,52,1,7
54,53,1,4
55,54,1,9
56,55,1,8
57,55,1,8
58,55,1,8
59,58,1,4
60,59,1,1
61,59,1,1
62,60,1,4
63,60,1,4
64,62,1,6
65,63,1,0
66,65,1,5
67,66,1,6
68,67,1,1
69,67,1,1
70,69,1,0
71,69,1,0
72,71,1,7
73,71,1,7
74,73,1,6
75,74,1,3
76,74,1,3
77,76,1,2
78,76,1,2
79,78,1,1
80,78,1,1
81,80,1,9
82,80,1,9
83,82,1,2
84,83,1,6
85,84,1,7
86,85,1,8
87,85,1,8
88,85,1,8
89,88,1,0
90,89,1,4
91,90,1,6
92,91,1,7
93,92,1,4
94,93,1,6
95,94,1,8
96,94,1,8
97,95,1,0
98,97,1,8
99,98,1,3
100,99,1,1
101,100,1,5
102,101,1,7
103,102,1,1
104,102,1,1
105,104,1,1
106,104,1,1
107,104,1,1
108,107,1,3
109,108,1,0
110,109,1,2
111,110,1,9
112,110,1,9
113,112,1,1
114,112,1,1
115,114,1,0
116,115,1,4
117,115,1,4
118,117,1,2
119,118,1,0
120,118,1,0
121,120,1,2
122,120,1,2
123,122,1,2
124,123,1,7
125,124,1,1
126,124,1,1
127,125,1,8
128,126,1,6
129,127,1,4
130,129,1,6
131,130,1,3
132,130,1,3
133,130,1,3
134,131,1,4
135,134,1,1
136,135,1,3
137,136,1,3
138,137,1,8
139,138,1,5
140,138,1,5
141,140,1,7
142,140,1,7
143,142,1,4
144,142,1,4
145,144,1,8
146,144,1,8
147,144,1,8
148,147,1,6
149,148,1,7
150,148,1,7
151,149,1,3
152,151,1,6
153,152,1,1
154,153,1,9
155,154,1,9
156,154,1,9
157,155,1,6
158,157,1,3
159,158,1,7
160,158,1,7
161,158,1,7
162,159,1,2
163,161,1,2
164,161,1,2
165,164,1,4
166,165,1,6
167,166,1,4
168,167,1,9
169,168,1,7
170,169,1,0
171,170,1,9
172,171,1,2
173,171,1,2
174,172,1,9
175,173,1,5
176,173,1,5
177,176,1,9
178,176,1,9
179,176,1,9
180,177,1,1
181,177,1,1
182,181,1,3
183,181,1,3
184,183,1,9
185,183,1,9
186,183,1,9
187,183,1,9
188,185,1,7
189,188,1,8
190,189,1,2
191,189,1,2
192,190,1,2
193,192,1,0
194,192,1,0
195,194,1,4
196,195,1,9
197,196,1,7
198,197,1,8
199,198,1,3
200,199,1,2
201,199,1,2
202,200,1,1
203,200,1,1
204,203,1,3
205,203,1,3
206,203,1,3
207,203,1,3
208,204,1,6
209,208,1,1
210,208,1,1
211,210,1,0
212,210,1,0
213,210,1,0
214,210,1,0
215,212,1,7
216,212,1,7
217,216,1,0
218,217,1,4
219,217,1,4
220,218,1,6
221,220,1,2
222,221,1,6
223,221,1,6
224,221,1,6
225,222,1,4
226,225,1,8
227,225,1,8
228,227,1,9
229,228,1,3
230,228,1,3
231,229,1,0
232,231,1,1
233,232,1,0
234,232,1,0
235,233,1,2
236,235,1,3
237,236,1,5
238,237,1,4
239,237,1,4
240,239,1,5
241,240,1,8
242,240,1,8
243,242,1,3
244,242,1,3
245,244,1,5
246,244,1,5
247,246,1,0
248,247,1,9
249,247,1,9
250,249,1,0
251,250,1,3
252,251,1,1
253,252,1,2
254,253,1,2
255,254,1,3
256,254,1,3
257,256,1,6
258,256,1,6
259,256,1,6
260,256,1,6
261,260,1,0
262,261,1,6
263,262,1,2
264,262,1,2
265,264,1,9
266,265,1,8
267,266,1,5
268,267,1,9
269,267,1,9
270,269,1,1
271,269,1,1
272,271,1,4
273,272,1,4
274,273,1,5
275,273,1,5
276,275,1,4
277,275,1,4
278,277,1,2
279,278,1,5
280,278,1,5
281,279,1,3
282,279,1,3
283,282,1,9
284,283,1,0
285,284,1,5
286,285,1,9
287,286,1,6
288,286,1,6
289,288,1,7
290,289,1,4
291,290,1,1
292,291,1,3
293,291,1,3
294,293,1,0
295,293,1,0
296,295,1,8
297,295,1,8
298,297,1,4
299,298,1,3
300,299,1,6
301,299,1,6
302,299,1,6
303,299,1,6
304,301,1,7
305,304,1,9
306,304,1,9
307,304,1,9
308,307,1,7
309,308,1,2
310,308,1,2
311,310,1,1
312,310,1,1
313,310,1,1
314,313,1,9
315,314,1,4
316,315,1,1
317,315,1,1
318,316,1,5
319,318,1,2
320,319,1,9
321,320,1,0
322,321,1,3
323,322,1,9
324,323,1,6
325,324,1,7
326,324,1,7
327,326,1,0
328,327,1,3
329,328,1,5
330,329,1,4
331,330,1,3
332,331,1,6
333,331,1,6
334,333,1,8
335,333,1,8
336,335,1,5
337,336,1,4
338,337,1,7
339,338,1,4
340,338,1,4
341,340,1,7
342,340,1,7
343,340,1,7
344,343,1,8
345,343,1,8
346,345,1,1
347,346,1,9
348,347,1,2
349,347,1,2
350,349,1,7
351,349,1,7
352,351,1,1
353,352,1,8
354,353,1,7
355,354,1,4
356,355,1,1
357,356,1,3
358,356,1,3
359,356,1,3
360,357,1,1
361,360,1,2
362,360,1,2
363,362,1,9
364,362,1,9
365,362,1,9
366,365,1,2
367,365,1,2
368,367,1,6
369,368,1,8
370,369,1,4
371,369,1,4
372,369,1,4
373,372,1,4
374,372,1,4
375,374,1,9
376,375,1,2
377,376,1,5
378,377,1,7
379,377,1,7
380,379,1,4
381,379,1,4
382,381,1,2
383,381,1,2
384,383,1,9
385,384,1,7
386,385,1,2
387,386,1,8
388,387,1,7
389,388,1,6
390,388,1,6
391,388,1,6
392,389,1,9
393,391,1,2
394,392,1,3
395,394,1,1
396,395,1,6
397,396,1,5
398,396,1,5
399,398,1,1
400,399,1,0
401,399,1,0
402,401,1,6
403,401,1,6
404,403,1,5
405,404,1,8
406,405,1,3
407,405,1,3
408,407,1,5
409,408,1,1
410,408,1,1
411,410,1,2
412,410,1,2
413,410,1,2
414,411,1,7
415,414,1,4
416,415,1,8
417,416,1,1
418,416,1,1
419,418,1,8
420,418,1,8
421,418,1,8
422,418,1,8
423,422,1,7
424,422,1,7
425,424,1,9
426,425,1,3
427,426,1,7
428,426,1,7
429,426,1,7
430,429,1,0
431,430,1,6
432,430,1,6
433,432,1,2
434,432,1,2
435,432,1,2
436,433,1,3
437,434,1,9
438,437,1,5
439,437,1,5
440,439,1,8
441,439,1,8
442,440,1,0
443,442,1,4
444,442,1,4
445,442,1,4
446,443,1,1
447,446,1,7
448,446,1,7
449,447,1,1
450,448,1,2
451,449,1,6
452,450,1,1
453,452,1,3
454,452,1,3
455,454,1,1
456,454,1,1
457,456,1,8
458,457,1,2
459,457,1,2
460,459,1,3
461,460,1,9
462,461,1,4
463,462,1,0
464,462,1,0
465,463,1,5
466,463,1,5
467,466,1,1
468,466,1,1
469,466,1,1
470,469,1,8
471,470,1,1
472,470,1,1
473,470,1,1
474,473,1,0
475,473,1,0
476,474,1,5
477,476,1,2
478,476,1,2
479,476,1,2
480,476,1,2
481,480,1,5
482,480,1,5
483,480,1,5
484,480,1,5
485,483,1,7
486,483,1,7
487,483,1,7
488,484,1,1
489,488,1,6
490,489,1,0
491,489,1,0
492,491,1,1
493,491,1,1
494,491,1,1
495,491,1,1
496,495,1,3
497,495,1,3
498,497,1,7
499,498,1,6
500,498,1,6
501,498,1,6
502,501,1,9
503,502,1,5
504,503,1,8
505,503,1,8
506,505,1,7
507,506,1,6
508,507,1,1
509,508,1,1
510,509,1,3
511,510,1,1
512,510,1,1
513,512,1,5
514,513,1,5
515,513,1,5
516,515,1,2
517,515,1,2
518,515,1,2
519,516,1,5
520,517,1,8
521,520,1,9
522,521,1,7
523,522,1,7
524,522,1,7
525,524,1,0
526,525,1,9
527,526,1,0
528,527,1,0
529,527,1,0
530,529,1,9
531,529,1,9
532,529,1,9
533,530,1,2
534,530,1,2
535,530,1,2
536,535,1,1
537,536,1,6
538,537,1,5
539,538,1,1
540,538,1,1
541,540,1,3
542,540,1,3
543,542,1,0
544,543,1,5
545,544,1,5
546,545,1,8
547,546,1,3
548,547,1,6
549,548,1,2
550,549,1,3
551,550,1,9
552,551,1,2
553,552,1,1
554,552,1,1
555,554,1,5
556,555,1,2
557,556,1,1
558,557,1,3
559,558,1,2
560,559,1,8
561,559,1,8
562,561,1,3
563,561,1,3
564,562,1,7
565,564,1,4
566,565,1,6
567,566,1,9
568,567,1,7
569,568,1,2
570,569,1,4
571,570,1,2
572,571,1,8
573,572,1,1
574,572,1,1
575,573,1,1
576,574,1,3
577,576,1,4
578,577,1,0
579,577,1,0
580,579,1,5
581,580,1,9
582,581,1,3
583,581,1,3
584,582,1,0
585,584,1,2
586,585,1,4
587,585,1,4
588,587,1,1
589,587,1,1
590,589,1,9
591,589,1,9
592,591,1,2
593,592,1,6
594,593,1,1
595,593,1,1
596,595,1,9
597,596,1,0
598,597,1,6
599,598,1,6
600,599,1,7
601,600,1,9
602,601,1,9
603,602,1,8
604,603,1,0
605,604,1,1
606,604,1,1
607,606,1,4
608,607,1,6
609,608,1,7
610,608,1,7
611,610,1,5
612,611,1,7
613,612,1,0
614,613,1,3
615,614,1,5
616,615,1,8
617,616,1,4
618,616,1,4
619,618,1,1
620,619,1,2
621,620,1,5
622,621,1,9
623,622,1,5
624,623,1,6
625,624,1,7
626,624,1,7
627,626,1,9
628,627,1,8
629,628,1,8
630,629,1,3
631,630,1,6
632,631,1,9
633,632,1,7
634,633,1,0
635,634,1,7
636,634,1,7
637,635,1,5
638,637,1,1
639,638,1,1
640,639,1,0
641,640,1,7
642,641,1,9
643,641,1,9
644,643,1,3
645,644,1,7
646,644,1,7
647,646,1,2
648,647,1,4
649,648,1,1
650,649,1,6
651,650,1,2
652,651,1,7
653,651,1,7
654,653,1,5
655,654,1,7
656,655,1,4
657,656,1,0
658,657,1,2
659,658,1,6
660,658,1,6
661,659,1,3
662,661,1,4
663,662,1,0
664,663,1,4
665,664,1,2
666,665,1,6
667,666,1,0
668,667,1,0
669,668,1,0
670,669,1,0
671,670,1,3
672,671,1,1
673,672,1,6
674,673,1,2
675,674,1,2
676,675,1,3
677,676,1,1
678,677,1,4
679,677,1,4
680,679,1,5
681,680,1,4
682,680,1,4
683,682,1,4
684,683,1,7
685,684,1,2
686,685,1,8
687,686,1,7
688,687,1,9
689,688,1,2
690,688,1,2
691,690,1,5
692,691,1,1
693,692,1,4
694,693,1,2
695,693,1,2
696,695,1,3
697,696,1,2
698,697,1,4
699,698,1,1
700,699,1,5
701,700,1,4
702,701,1,6
703,701,1,6
704,701,1,6
705,704,1,9
706,704,1,9
707,706,1,4
708,707,1,9
709,708,1,8
710,709,1,0
711,710,1,1
712,710,1,1
713,712,1,0
714,713,1,2
715,714,1,2
716,715,1,3
717,715,1,3
718,717,1,4
719,718,1,4
720,719,1,5
721,719,1,5
722,721,1,6
723,722,1,5
724,722,1,5
725,724,1,7
726,725,1,8
727,726,1,8
728,727,1,9
729,728,1,7
730,729,1,4
731,729,1,4
732,731,1,3
733,732,1,2
734,733,1,0
735,734,1,8
736,735,1,6
737,735,1,6
738,735,1,6
739,738,1,1
740,739,1,6
741,740,1,8
742,741,1,9
743,741,1,9
744,743,1,0
745,744,1,9
746,745,1,0
747,746,1,4
748,747,1,1
749,748,1,5
750,749,1,4
751,750,1,7
752,751,1,5
753,752,1,3
754,753,1,7
755,754,1,4
756,755,1,9
757,756,1,8
758,757,1,5
759,757,1,5
760,757,1,5
761,760,1,3
762,761,1,8
763,761,1,8
764,762,1,6
765,764,1,9
766,764,1,9
767,766,1,8
768,767,1,3
769,768,1,5
770,769,1,8
771,769,1,8
772,769,1,8
773,772,1,9
774,773,1,7
775,774,1,2
776,775,1,5
777,776,1,0
778,777,1,8
779,778,1,5
780,779,1,1
781,779,1,1
782,780,1,1
783,782,1,9
784,783,1,1
785,784,1,8
786,785,1,6
787,786,1,7
788,787,1,0
789,788,1,9
790,789,1,3
791,790,1,0
792,790,1,0
793,790,1,0
794,793,1,9
795,794,1,6
796,794,1,6
797,796,1,8
798,797,1,4
799,798,1,7
800,799,1,5
801,800,1,9
802,801,1,2
803,802,1,6
804,803,1,7
805,804,1,4
806,804,1,4
807,806,1,9
808,806,1,9
809,806,1,9
810,809,1,1
811,810,1,6
812,811,1,3
813,812,1,9
814,812,1,9
815,814,1,2
816,815,1,5
817,816,1,6
818,817,1,8
819,818,1,0
820,818,1,0
821,820,1,7
822,820,1,7
823,822,1,9
824,823,1,8
825,824,1,7
826,825,1,0
827,825,1,0
828,827,1,9
829,828,1,4
830,829,1,6
831,830,1,2
832,831,1,8
833,832,1,5
834,832,1,5
835,834,1,4
836,835,1,1
837,836,1,5
838,837,1,5
839,838,1,1
840,839,1,7
841,839,1,7
842,841,1,6
843,842,1,4
844,843,1,3
845,844,1,2
846,845,1,5
847,846,1,6
848,846,1,6
849,846,1,6
850,849,1,0
851,850,1,4
852,851,1,4
853,852,1,6
854,852,1,6
855,854,1,2
856,855,1,4
857,856,1,3
858,857,1,3
859,858,1,8
860,859,1,0
861,860,1,0
862,861,1,3
863,861,1,3
864,862,1,2
865,864,1,9
866,864,1,9
867,866,1,2
868,866,1,2
869,868,1,7
870,869,1,0
871,870,1,1
872,871,1,1
873,872,1,0
874,872,1,0
875,874,1,3
876,875,1,3
877,876,1,8
878,877,1,4
879,878,1,3
880,878,1,3
881,880,1,7
882,881,1,6
883,882,1,4
884,882,1,4
885,884,1,7
886,885,1,8
887,885,1,8
888,887,1,9
889,887,1,9
890,889,1,0
891,890,1,3
892,891,1,1
893,892,1,6
894,892,1,6
895,894,1,4
896,895,1,3
897,895,1,3
898,895,1,3
899,898,1,7
900,899,1,5
901,900,1,9
902,901,1,6
903,902,1,9
904,902,1,9
905,904,1,7
906,905,1,1
907,906,1,4
908,907,1,2
909,907,1,2
910,909,1,3
911,910,1,6
912,911,1,7
913,911,1,7
914,913,1,8
915,914,1,4
916,915,1,5
917,916,1,5
918,916,1,5
919,916,1,5
920,917,1,2
921,920,1,1
922,921,1,5
923,921,1,5
924,923,1,8
925,924,1,5
926,925,1,8
927,925,1,8
928,927,1,0
929,928,1,7
930,929,1,9
931,930,1,9
932,931,1,2
933,932,1,9
934,932,1,9
935,934,1,7
936,935,1,8
937,936,1,7
938,937,1,4
939,938,1,2
940,939,1,6
941,940,1,9
942,940,1,9
943,942,1,7
944,943,1,0
945,944,1,6
946,945,1,4
947,946,1,2
948,947,1,5
949,948,1,7
950,949,1,0
951,950,1,7
952,950,1,7
953,952,1,0
954,953,1,3
955,954,1,7
956,954,1,7
957,956,1,5
958,957,1,0
959,958,1,6
960,958,1,6
961,960,1,5
962,961,1,1
963,962,1,7
964,963,1,8
965,964,1,5
966,965,1,0
967,966,1,3
968,967,1,4
969,968,1,7
970,969,1,7
971,970,1,5
972,971,1,7
973,971,1,7
974,973,1,6
975,974,1,9
976,974,1,9
977,976,1,8
978,976,1,8
979,977,1,6
980,978,1,1
981,980,1,9
982,981,1,7
983,982,1,1
984,982,1,1
985,984,1,0
986,985,1,5
987,986,1,6
988,987,1,4
989,988,1,4
990,989,1,2
991,990,1,4
992,990,1,4
993,992,1,3
994,993,1,1
995,993,1,1
996,995,1,7
997,996,1,6
998,997,1,0
999,998,1,3
1000,999,1,6
1001,1000,1,0
1002,1001,1,7
1003,1002,1,1
1004,1003,1,1
1005,1004,1,4
1006,1005,1,9
1007,1006,1,4
1008,1007,1,3
1009,1007,1,3
1010,1009,1,8
1011,1010,1,2
1012,1011,1,2
1013,1012,1,1
1014,1012,1,1
1015,1014,1,7
1016,1015,1,0
1017,1016,1,8
1018,1017,1,1
1019,1018,1,0
1020,1019,1,7
1021,1020,1,6
1022,1021,1,3
1023,1022,1,7
1024,1023,1,7
1025,1024,1,5
1026,1025,1,8
1027,1026,1,8
1028,1027,1,9
1029,1028,1,0
1030,1029,1,0
1031,1030,1,4
1032,1031,1,1
1033,1032,1,5
1034,1033,1,2
1035,1034,1,2
1036,1035,1,3
1037,1036,1,9
1038,1037,1,4
1039,1037,1,4
1040,1039,1,5
1041,1040,1,0
1042,1041,1,6
1043,1042,1,7
1044,1043,1,7
1045,1044,1,1
1046,1045,1,8
1047,1046,1,0
1048,1047,1,2
1049,1048,1,2
1050,1048,1,2
1051,1050,1,4
1052,1051,1,1
1053,1052,1,1
1054,1053,1,2
1055,1054,1,7
1056,1055,1,3
1057,1056,1,9
1058,1057,1,7
1059,1058,1,2
1060,1059,1,8
1061,1060,1,1
1062,1060,1,1
1063,1062,1,5
1064,1063,1,8
1065,1063,1,8
1066,1065,1,1
1067,1066,1,9
1068,1067,1,8
1069,1068,1,3
1070,1069,1,1
1071,1069,1,1
1072,1069,1,1
1073,1071,1,5
1074,1073,1,4
1075,1074,1,2
1076,1075,1,7
1077,1076,1,0
1078,1077,1,3
1079,1078,1,0
1080,1079,1,4
1081,1080,1,1
1082,1081,1,1
1083,1082,1,7
1084,1083,1,9
1085,1083,1,9
1086,1085,1,1
1087,1086,1,8
1088,1087,1,5
1089,1088,1,7
1090,1089,1,5
1091,1090,1,0
1092,1091,1,6
1093,1092,1,6
1094,1093,1,0
1095,1094,1,4
1096,1095,1,1
1097,1096,1,2
1098,1097,1,3
1099,1098,1,4
1100,1099,1,4
1101,1100,1,6
1102,1101,1,8
1103,1102,1,0
1104,1103,1,9
1105,1104,1,5
1106,1105,1,8
1107,1106,1,7
1108,1107,1,0
1109,1108,1,3
1110,1109,1,5
1111,1110,1,4
1112,1111,1,5
1113,1111,1,5
1114,1113,1,6
1115,1114,1,7
1116,1115,1,1
1117,1116,1,9
1118,1117,1,6
1119,1118,1,1
1120,1119,1,3
1121,1120,1,8
1122,1121,1,3
1123,1122,1,9
1124,1123,1,1
1125,1123,1,1
1126,1125,1,7
1127,1126,1,7
1128,1127,1,7
1129,1128,1,0
1130,1129,1,2
1131,1130,1,3
1132,1131,1,1
1133,1132,1,1
1134,1133,1,4
1135,1134,1,2
1136,1135,1,5
1137,1136,1,6
1138,1137,1,0
1139,1138,1,9
1140,1138,1,9
1141,1139,1,6
1142,1141,1,8
1143,1141,1,8
1144,1143,1,2
1145,1144,1,3
1146,1145,1,3
1147,1146,1,6
1148,1147,1,9
1149,1148,1,1
1150,1149,1,4
1151,1150,1,3
1152,1151,1,3
1153,1152,1,0
1154,1153,1,7
1155,1154,1,7
1156,1155,1,1
1157,1156,1,7
1158,1157,1,7
1159,1158,1,3
1160,1159,1,6
1161,1160,1,4
1162,1161,1,9
1163,1162,1,5
1164,1163,1,4
1165,1164,1,4
1166,1165,1,2
1167,1165,1,2
1168,1167,1,9
1169,1168,1,0
1170,1169,1,9
1171,1170,1,8
1172,1171,1,4
1173,1172,1,4
1174,1173,1,9
1175,1174,1,1
1176,1175,1,2
1177,1176,1,4
1178,1177,1,9
1179,1178,1,3
1180,1179,1,0
1181,1180,1,4
1182,1181,1,1
1183,1182,1,6
1184,1183,1,2
1185,1184,1,6
1186,1185,1,3
1187,1186,1,7
1188,1187,1,4
1189,1188,1,2
1190,1189,1,6
1191,1190,1,6
1192,1191,1,7
1193,1192,1,1
1194,1193,1,8
1195,1194,1,9
1196,1195,1,0
1197,1196,1,4
1198,1196,1,4
1199,1198,1,4
1200,1199,1,2
1201,1200,1,1
1202,1201,1,3
1203,1202,1,6
1204,1203,1,4
1205,1204,1,6
1206,1205,1,7
1207,1206,1,5
1208,1207,1,8
1209,1208,1,7
1210,1209,1,0
1211,1210,1,5
1212,1211,1,1
1213,1212,1,4
1214,1213,1,2
1215,1214,1,8
1216,1215,1,4
1217,1216,1,7
1218,1217,1,7
1219,1218,1,3
1220,1218,1,3
1221,1220,1,4
1222,1221,1,9
1223,1222,1,5
1224,1223,1,8
1225,1224,1,6
1226,1225,1,7
1227,1226,1,3
1228,1227,1,4
1229,1228,1,6
1230,1229,1,7
1231,1230,1,1
1232,1231,1,7
1233,1232,1,4
1234,1233,1,3
1235,1234,1,3
1236,1234,1,3
1237,1236,1,8
1238,1236,1,8
1239,1238,1,1
1240,1239,1,8
1241,1240,1,6
1242,1241,1,3
1243,1242,1,1
1244,1243,1,1
1245,1244,1,3
1246,1245,1,5
1247,1246,1,2
1248,1247,1,8
1249,1248,1,4
1250,1249,1,2
1251,1250,1,9
1252,1251,1,7
1253,1252,1,1
1254,1253,1,4
1255,1254,1,8
1256,1255,1,2
1257,1256,1,9
1258,1257,1,6
1259,1257,1,6
1260,1259,1,1
1261,1259,1,1
1262,1261,1,4
1263,1262,1,2
1264,1262,1,2
1265,1264,1,2
1266,1265,1,5
1267,1266,1,6
1268,1267,1,8
1269,1268,1,0
1270,1269,1,6
1271,1270,1,2
1272,1271,1,4
1273,1272,1,9
1274,1273,1,4
1275,1274,1,9
1276,1275,1,4
1277,1276,1,5
1278,1277,1,1
1279,1278,1,5
1280,1279,1,8
1281,1280,1,4
1282,1281,1,7
1283,1282,1,9
1284,1283,1,5
1285,1284,1,9
1286,1285,1,5
1287,1285,1,5
1288,1285,1,5
1289,1286,1,9
1290,1289,1,8
1291,1290,1,3
1292,1291,1,9
1293,1292,1,9
1294,1293,1,1
1295,1294,1,8
1296,1294,1,8
1297,1296,1,8
1298,1297,1,6
1299,1298,1,5
1300,1299,1,2
1301,1300,1,7
1302,1301,1,2
1303,1302,1,7
1304,1303,1,6
1305,1304,1,0
1306,1305,1,9
1307,1306,1,7
1308,1307,1,9
1309,1308,1,4
1310,1309,1,6
1311,1309,1,6
1312,1311,1,5
1313,1312,1,3
1314,1313,1,5
1315,1313,1,5
1316,1315,1,3
1317,1316,1,9
1318,1317,1,3
1319,1318,1,6
1320,1318,1,6
1321,1320,1,3
1322,1321,1,1
1323,1322,1,7
1324,1323,1,6
1325,1324,1,5
1326,1325,1,5
1327,1326,1,7
1328,1327,1,6
1329,1328,1,5
1330,1329,1,8
1331,1330,1,2
1332,1331,1,1
1333,1332,1,7
1334,1333,1,9
1335,1334,1,2
1336,1335,1,7
1337,1336,1,3
1338,1337,1,6
1339,1338,1,7
1340,1339,1,8
1341,1340,1,5
1342,1340,1,5
1343,1342,1,7
1344,1343,1,7
1345,1344,1,8
1346,1344,1,8
1347,1346,1,0
1348,1347,1,7
1349,1348,1,3
1350,1349,1,0
1351,1349,1,0
1352,1351,1,3
1353,1352,1,9
1354,1353,1,7
1355,1354,1,1
1356,1355,1,9
1357,1356,1,5
1358,1357,1,3
1359,1357,1,3
1360,1359,1,0
1361,1360,1,9
1362,1361,1,2
1363,1362,1,8
1364,1363,1,0
1365,1364,1,9
1366,1364,1,9
1367,1366,1,6
1368,1367,1,0
1369,1368,1,0
1370,1369,1,1
1371,1370,1,9
1372,1371,1,0
1373,1372,1,0
1374,1373,1,4
1375,1374,1,2
1376,1375,1,1
1377,1376,1,7
1378,1377,1,0
1379,1378,1,3
1380,1379,1,4
1381,1379,1,4
1382,1381,1,7
1383,1382,1,5
1384,1383,1,9
1385,1384,1,8
1386,1385,1,2
1387,1386,1,0
1388,1387,1,0
1389,1387,1,0
1390,1388,1,8
1391,1390,1,2
1392,1391,1,2
1393,1392,1,7
1394,1393,1,6
1395,1394,1,1
1396,1394,1,1
1397,1396,1,9
1398,1397,1,2
1399,1398,1,6
1400,1399,1,9
1401,1400,1,7
1402,1401,1,9
1403,1401,1,9
1404,1403,1,0
1405,1404,1,8
1406,1405,1,1
1407,1405,1,1
1408,1407,1,2
1409,1408,1,4
1410,1408,1,4
1411,1410,1,9
1412,1411,1,4
1413,1412,1,7
1414,1413,1,5
1415,1413,1,5
1416,1415,1,6
1417,1416,1,7
1418,1417,1,7
1419,1418,1,6
1420,1419,1,8
1421,1419,1,8
1422,1421,1,9
1423,1422,1,7
1424,1423,1,0
1425,1424,1,6
1426,1425,1,1
1427,1425,1,1
1428,1427,1,2
1429,1428,1,3
1430,1429,1,3
1431,1430,1,5
1432,1431,1,4
1433,1432,1,3
1434,1433,1,5
1435,1434,1,8
1436,1435,1,6
1437,1436,1,3
1438,1437,1,7
1439,1437,1,7
1440,1439,1,8
1441,1440,1,4
1442,1441,1,9
1443,1441,1,9
1444,1443,1,0
1445,1444,1,2
1446,1444,1,2
1447,1446,1,4
1448,1447,1,2
1449,1448,1,4
1450,1449,1,3
1451,1450,1,1
1452,1451,1,7
1453,1452,1,1
1454,1453,1,8
1455,1453,1,8
1456,1455,1,9
1457,1455,1,9
1458,1457,1,8
1459,1458,1,1
1460,1459,1,9
1461,1460,1,4
1462,1461,1,4
1463,1462,1,9
1464,1463,1,1
1465,1464,1,8
1466,1465,1,9
1467,1466,1,6
1468,1467,1,5
1469,1468,1,5
1470,1469,1,3
1471,1470,1,3
1472,1471,1,0
1473,1472,1,1
1474,1472,1,1
1475,1474,1,3
1476,1475,1,8
1477,1476,1,3
1478,1477,1,4
1479,1478,1,2
1480,1479,1,0
1481,1480,1,7
1482,1481,1,5
1483,1482,1,5
1484,1482,1,5
1485,1484,1,8
1486,1485,1,5
1487,1486,1,3
1488,1487,1,4
1489,1488,1,6
1490,1489,1,0
1491,1490,1,5
1492,1490,1,5
1493,1492,1,2
1494,1492,1,2
1495,1494,1,6
1496,1495,1,0
1497,1496,1,1
1498,1497,1,1
1499,1498,1,4
1500,1499,1,7
1501,1500,1,9
1502,1501,1,0
1503,1502,1,0
1504,1503,1,6
1505,1503,1,6
1506,1505,1,8
1507,1505,1,8
1508,1507,1,9
1509,1508,1,4
1510,1508,1,4
1511,1509,1,5
1512,1509,1,5
1513,1512,1,0
1514,1513,1,7
1515,1514,1,5
1516,1515,1,6
1517,1515,1,6
1518,1517,1,0
1519,1518,1,9
1520,1519,1,8
1521,1520,1,6
1522,1521,1,1
1523,1522,1,9
1524,1523,1,7
1525,1524,1,5
1526,1525,1,7
1527,1526,1,5
1528,1527,1,1
1529,1528,1,1
1530,1529,1,3
1531,1530,1,0
1532,1531,1,2
1533,1531,1,2
1534,1533,1,3
1535,1534,1,8
1536,1535,1,1
1537,1536,1,6
1538,1537,1,4
1539,1538,1,6
1540,1539,1,2
1541,1540,1,6
1542,1541,1,4
1543,1542,1,8
1544,1543,1,8
1545,1544,1,1
1546,1545,1,4
1547,1546,1,4
1548,1547,1,7
1549,1548,1,1
1550,1549,1,2
1551,1550,1,2
1552,1551,1,3
1553,1552,1,9
1554,1553,1,6
1555,1554,1,4
1556,1555,1,9
1557,1556,1,5
1558,1557,1,6
1559,1558,1,2
1560,1559,1,3
1561,1560,1,9
1562,1561,1,2
1563,1562,1,6
1564,1562,1,6
1565,1564,1,7
1566,1565,1,4
1567,1566,1,3
1568,1567,1,6
1569,1568,1,4
1570,1568,1,4
1571,1570,1,7
1572,1571,1,0
1573,1572,1,2
1574,1573,1,2
1575,1574,1,9
1576,1574,1,9
1577,1576,1,4
1578,1577,1,5
1579,1578,1,0
1580,1579,1,1
1581,1580,1,4
1582,1581,1,3
1583,1582,1,6
1584,1583,1,3
1585,1584,1,2
1586,1585,1,9
1587,1586,1,7
1588,1587,1,5
1589,1588,1,3
1590,1589,1,7
1591,1590,1,0
1592,1591,1,9
1593,1592,1,5
1594,1593,1,8
1595,1594,1,3
1596,1595,1,2
1597,1595,1,2
1598,1597,1,1
1599,1598,1,8
1600,1599,1,3
1601,1600,1,0
1602,1601,1,1
1603,1602,1,2
1604,1603,1,3
1605,1604,1,4
1606,1605,1,0
1607,1605,1,0
1608,1607,1,1
1609,1608,1,7
1610,1609,1,2
1611,1610,1,9
1612,1611,1,3
1613,1612,1,9
1614,1613,1,4
1615,1614,1,2
1616,1615,1,5
1617,1616,1,8
1618,1617,1,6
1619,1618,1,7
1620,1619,1,7
1621,1620,1,9
1622,1621,1,8
1623,1622,1,9
1624,1623,1,9
1625,1624,1,2
1626,1625,1,0
1627,1626,1,0
1628,1627,1,1
1629,1628,1,4
1630,1629,1,2
1631,1630,1,4
1632,1631,1,3
1633,1632,1,9
1634,1633,1,4
1635,1633,1,4
1636,1635,1,5
1637,1635,1,5
1638,1637,1,6
1639,1638,1,5
1640,1639,1,7
1641,1640,1,1
1642,1641,1,8
1643,1642,1,6
1644,1643,1,9
1645,1644,1,3
1646,1645,1,0
1647,1646,1,4
1648,1647,1,1
1649,1648,1,2
1650,1649,1,2
1651,1650,1,5
1652,1651,1,3
1653,1652,1,7
1654,1653,1,4
1655,1654,1,1
1656,1655,1,7
1657,1656,1,7
1658,1657,1,8
1659,1658,1,1
1660,1659,1,9
1661,1660,1,2
1662,1661,1,3
1663,1662,1,2
1664,1663,1,4
1665,1664,1,0
1666,1665,1,1
1667,1666,1,8
1668,1667,1,4
1669,1668,1,3
1670,1669,1,6
1671,1670,1,5
1672,1671,1,6
1673,1672,1,4
1674,1673,1,7
1675,1674,1,9
1676,1675,1,3
1677,1676,1,1
1678,1677,1,3
1679,1678,1,0
1680,1679,1,2
1681,1680,1,1
1682,1681,1,1
1683,1682,1,0
1684,1683,1,9
1685,1684,1,9
1686,1685,1,4
1687,1686,1,6
1688,1687,1,7
1689,1688,1,6
1690,1689,1,3
1691,1690,1,5
1692,1691,1,5
1693,1692,1,4
1694,1693,1,4
1695,1694,1,6
1696,1695,1,9
1697,1696,1,1
1698,1696,1,1
1699,1698,1,3
1700,1699,1,1
1701,1699,1,1
1702,1701,1,0
1703,1701,1,0
1704,1703,1,1
1705,1704,1,4
1706,1705,1,4
1707,1706,1,6
1708,1707,1,6
1709,1708,1,6
1710,1709,1,0
1711,1710,1,1
1712,1711,1,2
1713,1712,1,0
1714,1712,1,0
1715,1714,1,2
1716,1715,1,2
1717,1716,1,1
1718,1717,1,1
1719,1718,1,3
1720,1719,1,7
1721,1720,1,9
1722,1721,1,5
1723,1722,1,3
1724,1723,1,0
1725,1723,1,0
1726,1724,1,2
1727,1726,1,6
1728,1727,1,2
1729,1728,1,9
1730,1729,1,0
1731,1730,1,7
1732,1731,1,6
1733,1732,1,9
1734,1733,1,9
1735,1733,1,9
1736,1735,1,2
1737,1736,1,9
1738,1737,1,3
1739,1738,1,4
1740,1739,1,7
1741,1740,1,9
1742,1741,1,6
1743,1742,1,0
1744,1743,1,9
1745,1744,1,4
1746,1745,1,8
1747,1746,1,7
1748,1747,1,7
1749,1748,1,9
1750,1749,1,8
1751,1750,1,6
1752,1751,1,9
1753,1752,1,5
1754,1753,1,2
1755,1754,1,2
1756,1755,1,2
1757,1756,1,3
1758,1757,1,9
1759,1758,1,8
1760,1759,1,8
1761,1760,1,8
1762,1761,1,6
1763,1762,1,4
1764,1763,1,4
1765,1764,1,4
1766,1765,1,4
1767,1765,1,4
1768,1767,1,4
1769,1768,1,6
1770,1769,1,0
1771,1770,1,7
1772,1771,1,0
1773,1772,1,7
1774,1773,1,8
1775,1774,1,2
1776,1775,1,0
1777,1776,1,8
1778,1777,1,8
1779,1778,1,3
1780,1779,1,6
1781,1780,1,8
1782,1781,1,6
1783,1782,1,6
1784,1783,1,8
1785,1783,1,8
1786,1785,1,5
1787,1786,1,1
1788,1787,1,1
1789,1787,1,1
1790,1789,1,7
1791,1790,1,8
1792,1791,1,3
1793,1792,1,6
1794,1793,1,8
1795,1794,1,9
1796,1795,1,5
1797,1796,1,0
1798,1797,1,0
1799,1798,1,0
1800,1799,1,3
1801,1799,1,3
1802,1801,1,6
1803,1802,1,6
1804,1803,1,7
1805,1804,1,8
1806,1805,1,3
1807,1806,1,5
1808,1807,1,1
1809,1808,1,4
1810,1809,1,3
1811,1810,1,5
1812,1811,1,9
1813,1812,1,4
1814,1813,1,5
1815,1814,1,4
1816,1815,1,1
1817,1816,1,1
1818,1817,1,5
1819,1818,1,4
1820,1819,1,0
1821,1820,1,9
1822,1821,1,7
1823,1822,1,1
1824,1823,1,2
1825,1824,1,5
1826,1825,1,7
1827,1826,1,9
1828,1827,1,4
1829,1828,1,0
1830,1829,1,3
1831,1830,1,6
1832,1831,1,1
1833,1832,1,7
1834,1833,1,7
1835,1834,1,5
1836,1835,1,6
1837,1836,1,3
1838,1837,1,0
1839,1838,1,1
1840,1838,1,1
1841,1840,1,4
1842,1841,1,2
1843,1842,1,4
1844,1843,1,3
1845,1844,1,6
1846,1845,1,4
1847,1845,1,4
1848,1847,1,5
1849,1848,1,7
1850,1849,1,6
1851,1850,1,9
1852,1851,1,7
1853,1852,1,2
1854,1853,1,8
1855,1854,1,4
1856,1855,1,9
1857,1856,1,8
1858,1856,1,8
1859,1858,1,7
1860,1859,1,1
1861,1860,1,1
1862,1861,1,2
1863,1862,1,3
1864,1863,1,3
1865,1863,1,3
1866,1865,1,4
1867,1866,1,6
1868,1867,1,5
1869,1868,1,0
1870,1868,1,0
1871,1870,1,3
1872,1871,1,7
1873,1872,1,3
1874,1873,1,8
1875,1874,1,2
1876,1875,1,9
1877,1876,1,0
1878,1877,1,0
1879,1878,1,9
1880,1879,1,1
1881,1880,1,2
1882,1881,1,2
1883,1882,1,9
1884,1883,1,3
1885,1884,1,9
1886,1885,1,4
1887,1886,1,6
1888,1887,1,5
1889,1888,1,2
1890,1889,1,6
1891,1890,1,6
1892,1891,1,7
1893,1892,1,6
1894,1893,1,8
1895,1894,1,2
1896,1895,1,9
1897,1896,1,2
1898,1897,1,0
1899,1898,1,6
1900,1899,1,7
1901,1900,1,2
1902,1901,1,8
1903,1902,1,6
1904,1903,1,9
1905,1904,1,0
1906,1905,1,9
1907,1906,1,6
1908,1907,1,0
1909,1908,1,3
1910,1909,1,1
1911,1910,1,1
1912,1911,1,4
1913,1912,1,9
1914,1913,1,5
1915,1914,1,8
1916,1915,1,1
1917,1916,1,0
1918,1917,1,6
1919,1918,1,6
1920,1919,1,7
1921,1920,1,2
1922,1921,1,3
1923,1922,1,4
1924,1923,1,2
1925,1924,1,3
1926,1925,1,9
1927,1926,1,0
1928,1927,1,0
1929,1928,1,4
1930,1929,1,5
1931,1930,1,0
1932,1931,1,6
1933,1932,1,4
1934,1933,1,7
1935,1934,1,4
1936,1935,1,3
1937,1936,1,1
1938,1937,1,9
1939,1938,1,3
1940,1939,1,9
1941,1940,1,9
1942,1941,1,3
1943,1942,1,1
1944,1943,1,8
1945,1944,1,7
1946,1945,1,1
1947,1946,1,7
1948,1947,1,2
1949,1948,1,8
1950,1949,1,9
1951,1950,1,9
1952,1950,1,9
1953,1952,1,2
1954,1953,1,7
1955,1954,1,2
1956,1955,1,5
1957,1956,1,0
1958,1957,1,6
1959,1957,1,6
1960,1959,1,3
1961,1960,1,9
1962,1961,1,5
1963,1962,1,9
1964,1962,1,9
1965,1964,1,8
1966,1965,1,5
1967,1966,1,8
1968,1967,1,4
1969,1968,1,9
1970,1969,1,0
1971,1970,1,5
1972,1971,1,3
1973,1972,1,2
1974,1973,1,4
1975,1974,1,8
1976,1975,1,7
1977,1976,1,4
1978,1977,1,1
1979,1978,1,5
1980,1979,1,4
1981,1980,1,6
1982,1981,1,3
1983,1982,1,7
1984,1983,1,7
1985,1984,1,9
1986,1985,1,6
1987,1986,1,6
1988,1987,1,2
1989,1988,1,2
1990,1989,1,1
1991,1990,1,6
1992,1991,1,5
1993,1992,1,4
1994,1993,1,5
1995,1994,1,3
1996,1995,1,0
1997,1996,1,5
1998,1997,1,5
1999,1998,1,2
2000,1999,1,0
2001,2000,1,5
2002,2001,1,8
2003,2002,1,8
2004,2003,1,4
2005,2004,1,2
2006,2005,1,6
2007,2006,1,9
2008,2007,1,7
2009,2008,1,1
2010,2009,1,0
2011,2010,1,2
2012,2011,1,3
2013,2012,1,1
2014,2012,1,1
2015,2014,1,7
2016,2015,1,1
2017,2016,1,8
2018,2017,1,2
2019,2018,1,7
2020,2019,1,2
2021,2020,1,6
2022,2021,1,3
2023,2022,1,2
2024,2023,1,3
2025,2024,1,7
2026,2025,1,6
2027,2026,1,8
2028,2027,1,7
2029,2028,1,5
2030,2029,1,3
2031,2030,1,8
2032,2031,1,4
2033,2032,1,4
2034,2033,1,9
2035,2034,1,4
2036,2035,1,6
2037,2035,1,6
2038,2037,1,5
2039,2038,1,5
2040,2039,1,1
2041,2040,1,1
2042,2041,1,9
2043,2042,1,3
2044,2043,1,8
2045,2044,1,6
2046,2045,1,1
2047,2046,1,4
2048,2047,1,1
2049,2048,1,7
2050,2049,1,5
2051,2050,1,4
2052,2051,1,0
2053,2052,1,4
2054,2053,1,2
2055,2054,1,7
2056,2055,1,7
2057,2056,1,5
2058,2057,1,8
2059,2058,1,0
2060,2058,1,0
2061,2060,1,9
2062,2061,1,6
2063,2062,1,6
2064,2063,1,8
2065,2064,1,7
2066,2065,1,2
2067,2066,1,0
2068,2067,1,8
2069,2068,1,8
2070,2069,1,4
2071,2070,1,8
2072,2071,1,4
2073,2072,1,4
2074,2073,1,2
2075,2074,1,3
2076,2075,1,2
2077,2076,1,3
2078,2076,1,3
2079,2078,1,2
2080,2079,1,0
2081,2079,1,0
2082,2081,1,0
2083,2082,1,0
2084,2083,1,1
2085,2084,1,0
2086,2085,1,2
2087,2086,1,1
2088,2087,1,3
2089,2088,1,3
2090,2089,1,4
2091,2089,1,4
2092,2089,1,4
2093,2092,1,3
2094,2093,1,6
2095,2094,1,1
2096,2095,1,7
2097,2096,1,6
2098,2097,1,8
2099,2098,1,3
2100,2099,1,9
2101,2100,1,0
2102,2101,1,0
2103,2102,1,7
2104,2103,1,1
2105,2104,1,2
2106,2104,1,2
2107,2105,1,2
2108,2107,1,3
2109,2108,1,7
2110,2108,1,7
2111,2110,1,1
2112,2111,1,5
2113,2112,1,0
2114,2112,1,0
2115,2114,1,3
2116,2115,1,7
2117,2116,1,9
2118,2117,1,8
2119,2118,1,7
2120,2119,1,9
2121,2120,1,5
2122,2121,1,0
2123,2122,1,1
2124,2123,1,1
2125,2124,1,8
2126,2125,1,2
2127,2126,1,6
2128,2127,1,3
2129,2128,1,3
2130,2129,1,4
2131,2130,1,3
2132,2131,1,5
2133,2132,1,3
2134,2133,1,7
2135,2134,1,1
2136,2135,1,8
2137,2136,1,1
2138,2137,1,9
2139,2138,1,6
2140,2139,1,8
2141,2140,1,9
2142,2141,1,9
2143,2142,1,7
2144,2143,1,5
2145,2144,1,0
2146,2144,1,0
2147,2146,1,3
2148,2147,1,0
2149,2147,1,0
2150,2149,1,3
2151,2150,1,8
2152,2151,1,1
2153,2152,1,6
2154,2152,1,6
2155,2152,1,6
2156,2155,1,8
2157,2156,1,6
2158,2157,1,4
2159,2157,1,4
2160,2159,1,1
2161,2160,1,0
2162,2161,1,7
2163,2162,1,1
2164,2163,1,6
2165,2164,1,4
2166,2165,1,5
2167,2166,1,1
2168,2167,1,6
2169,2168,1,7
2170,2169,1,4
2171,2170,1,8
2172,2171,1,2
2173,2172,1,5
2174,2173,1,7
2175,2174,1,3
2176,2175,1,8
2177,2176,1,4
2178,2177,1,1
2179,2178,1,6
2180,2179,1,3
2181,2180,1,3
2182,2180,1,3
2183,2182,1,5
2184,2183,1,3
2185,2184,1,2
2186,2184,1,2
2187,2186,1,5
2188,2187,1,7
2189,2188,1,1
2190,2189,1,2
2191,2190,1,4
2192,2191,1,0
2193,2192,1,0
2194,2193,1,5
2195,2194,1,8
2196,2195,1,0
2197,2196,1,6
2198,2197,1,1
2199,2198,1,1
2200,2199,1,9
2201,2200,1,3
2202,2201,1,2
2203,2202,1,1
2204,2203,1,3
2205,2204,1,4
2206,2205,1,2
2207,2206,1,4
2208,2207,1,3
2209,2208,1,4
2210,2209,1,5
2211,2210,1,8
2212,2211,1,5
2213,2212,1,6
2214,2213,1,7
2215,2214,1,6
2216,2215,1,8
2217,2216,1,9
2218,2217,1,4
2219,2218,1,0
2220,2219,1,9
2221,2220,1,4
2222,2221,1,9
2223,2222,1,4
2224,2223,1,7
2225,2224,1,4
2226,2225,1,1
2227,2226,1,6
2228,2227,1,1
2229,2228,1,3
2230,2229,1,7
2231,2230,1,3
2232,2231,1,8
2233,2232,1,3
2234,2233,1,3
2235,2234,1,2
2236,2235,1,4
2237,2236,1,4
2238,2237,1,8
2239,2238,1,7
2240,2239,1,6
2241,2240,1,4
2242,2241,1,3
2243,2242,1,6
2244,2243,1,8
2245,2244,1,7
2246,2245,1,0
2247,2246,1,7
2248,2247,1,9
2249,2248,1,5
2250,2249,1,6
2251,2250,1,5
2252,2250,1,5
2253,2252,1,3
2254,2253,1,0
2255,2254,1,4
2256,2255,1,1
2257,2256,1,4
2258,2257,1,0
2259,2258,1,5
2260,2258,1,5
2261,2260,1,1
2262,2261,1,2
2263,2262,1,6
2264,2263,1,3
2265,2264,1,4
2266,2265,1,8
2267,2266,1,5
2268,2267,1,9
2269,2268,1,5
2270,2269,1,0
2271,2270,1,2
2272,2271,1,7
2273,2272,1,5
2274,2273,1,2
2275,2274,1,9
2276,2275,1,3
2277,2276,1,4
2278,2276,1,4
2279,2276,1,4
2280,2279,1,5
2281,2279,1,5
2282,2281,1,5
2283,2282,1,5
2284,2283,1,2
2285,2284,1,9
2286,2285,1,8
2287,2285,1,8
2288,2287,1,5
2289,2288,1,2
2290,2288,1,2
2291,2290,1,4
2292,2291,1,6
2293,2292,1,7
2294,2293,1,6
2295,2294,1,4
2296,2295,1,6
2297,2296,1,6
2298,2297,1,7
2299,2298,1,0
2300,2299,1,9
2301,2300,1,6
2302,2301,1,1
2303,2302,1,8
2304,2303,1,8
2305,2304,1,5
2306,2305,1,2
2307,2306,1,1
2308,2307,1,1
2309,2308,1,5
2310,2309,1,2
2311,2310,1,0
2312,2311,1,6
2313,2312,1,9
2314,2313,1,5
2315,2313,1,5
2316,2315,1,3
2317,2316,1,1
2318,2317,1,4
2319,2318,1,1
2320,2319,1,7
2321,2320,1,6
2322,2320,1,6
2323,2322,1,2
2324,2323,1,4
2325,2324,1,6
2326,2325,1,0
2327,2326,1,1
2328,2327,1,0
2329,2328,1,5
2330,2329,1,5
2331,2330,1,5
2332,2331,1,9
2333,2332,1,2
2334,2333,1,0
2335,2334,1,4
2336,2335,1,1
2337,2336,1,1
2338,2337,1,2
2339,2338,1,4
2340,2339,1,3
2341,2340,1,0
2342,2341,1,4
2343,2342,1,2
2344,2343,1,5
2345,2344,1,7
2346,2345,1,6
2347,2346,1,2
2348,2347,1,7
2349,2348,1,7
2350,2349,1,8
2351,2350,1,3
2352,2350,1,3
2353,2352,1,0
2354,2353,1,0
2355,2354,1,2
2356,2355,1,1
2357,2356,1,1
2358,2357,1,2
2359,2358,1,8
2360,2359,1,3
2361,2360,1,4
2362,2361,1,4
2363,2362,1,1
2364,2363,1,5
2365,2364,1,9
2366,2365,1,6
2367,2366,1,1
2368,2367,1,7
2369,2368,1,5
2370,2369,1,8
2371,2370,1,9
2372,2371,1,9
2373,2372,1,6
2374,2373,1,0
2375,2374,1,1
2376,2375,1,1
2377,2376,1,7
2378,2377,1,2
2379,2378,1,8
2380,2379,1,3
2381,2380,1,7
2382,2381,1,7
2383,2382,1,8
2384,2383,1,8
2385,2384,1,8
2386,2385,1,9
2387,2386,1,7
2388,2386,1,7
2389,2386,1,7
2390,2389,1,2
2391,2390,1,4
2392,2391,1,7
2393,2392,1,4
2394,2393,1,1
2395,2394,1,8
2396,2394,1,8
2397,2396,1,0
2398,2397,1,6
2399,2398,1,9
2400,2399,1,2
2401,2399,1,2
2402,2401,1,5
2403,2402,1,2
2404,2403,1,0
2405,2404,1,0
2406,2405,1,5
2407,2405,1,5
2408,2407,1,4
2409,2408,1,3
2410,2409,1,2
2411,2410,1,1
2412,2411,1,0
2413,2412,1,5
2414,2413,1,8
2415,2413,1,8
2416,2415,1,1
2417,2416,1,4
2418,2417,1,7
2419,2418,1,2
2420,2419,1,1
2421,2420,1,4
2422,2421,1,8
2423,2422,1,6
2424,2423,1,3
2425,2424,1,4
2426,2425,1,8
2427,2426,1,1
2428,2427,1,7
2429,2428,1,5
2430,2429,1,1
2431,2430,1,3
2432,2431,1,7
2433,2432,1,1
2434,2432,1,1
2435,2434,1,9
2436,2435,1,0
2437,2436,1,0
2438,2437,1,1
2439,2437,1,1
2440,2439,1,4
2441,2440,1,0
2442,2441,1,4
2443,2442,1,8
2444,2443,1,4
2445,2444,1,8
2446,2445,1,5
2447,2446,1,1
2448,2447,1,7
2449,2448,1,1
2450,2449,1,4
2451,2450,1,2
2452,2451,1,4
2453,2452,1,4
2454,2453,1,9
2455,2454,1,2
2456,2455,1,7
2457,2456,1,3
2458,2457,1,2
2459,2458,1,4
2460,2459,1,6
2461,2460,1,9
2462,2461,1,5
2463,2462,1,1
2464,2463,1,3
2465,2463,1,3
2466,2463,1,3
2467,2466,1,4
2468,2467,1,4
2469,2468,1,3
2470,2469,1,3
2471,2470,1,6
2472,2470,1,6
2473,2472,1,2
2474,2473,1,0
2475,2474,1,6
2476,2475,1,8
2477,2475,1,8
2478,2477,1,7
2479,2478,1,5
2480,2479,1,6
2481,2480,1,6
2482,2481,1,3
2483,2482,1,8
2484,2483,1,0
2485,2484,1,4
2486,2485,1,4
2487,2486,1,6
2488,2487,1,6
2489,2488,1,7
2490,2489,1,3
2491,2490,1,4
2492,2491,1,7
2493,2492,1,7
2494,2493,1,0
2495,2494,1,6
2496,2495,1,1
2497,2496,1,6
2498,2497,1,1
2499,2498,1,6
2500,2499,1,2
2501,2500,1,0
2502,2501,1,9
2503,2502,1,7
2504,2503,1,3
2505,2504,1,6
2506,2505,1,1
2507,2506,1,3
2508,2507,1,8
2509,2508,1,2
2510,2509,1,9
2511,2510,1,2
2512,2511,1,8
2513,2512,1,7
2514,2513,1,2
2515,2513,1,2
2516,2515,1,5
2517,2515,1,5
2518,2517,1,2
2519,2518,1,2
2520,2518,1,2
2521,2520,1,4
2522,2521,1,9
2523,2522,1,7
2524,2523,1,6
2525,2523,1,6
2526,2525,1,0
2527,2526,1,0
2528,2527,1,5
2529,2528,1,0
2530,2529,1,3
2531,2530,1,1
2532,2531,1,3
2533,2532,1,0
2534,2533,1,6
2535,2534,1,2
2536,2535,1,3
2537,2536,1,3
2538,2537,1,5
2539,2538,1,0
2540,2539,1,0
2541,2540,1,7
2542,2541,1,3
2543,2542,1,4
2544,2543,1,7
2545,2544,1,5
2546,2545,1,6
2547,2546,1,4
2548,2547,1,1
2549,2548,1,4
2550,2549,1,5
2551,2550,1,2
2552,2551,1,5
2553,2552,1,1
2554,2553,1,9
2555,2554,1,5
2556,2555,1,8
2557,2556,1,6
2558,2557,1,0
2559,2558,1,7
2560,2559,1,9
2561,2560,1,4
2562,2561,1,0
2563,2562,1,9
2564,2563,1,1
2565,2564,1,3
2566,2565,1,2
2567,2566,1,5
2568,2567,1,3
2569,2568,1,3
2570,2569,1,4
2571,2570,1,6
2572,2571,1,5
2573,2572,1,1
2574,2573,1,6
2575,2574,1,7
2576,2575,1,7
2577,2576,1,7
2578,2577,1,8
2579,2578,1,4
2580,2579,1,9
2581,2580,1,3
2582,2581,1,0
2583,2582,1,0
2584,2583,1,1
2585,2584,1,0
2586,2585,1,2
2587,2586,1,0
2588,2587,1,3
2589,2588,1,6
2590,2589,1,4
2591,2590,1,6
2592,2591,1,7
2593,2592,1,5
2594,2592,1,5
2595,2594,1,1
2596,2595,1,9
2597,2596,1,4
2598,2597,1,0
2599,2598,1,8
2600,2599,1,1
2601,2600,1,9
2602,2601,1,2
2603,2602,1,6
2604,2603,1,3
2605,2604,1,1
2606,2605,1,5
2607,2606,1,0
2608,2607,1,6
2609,2608,1,4
2610,2609,1,7
2611,2610,1,8
2612,2611,1,8
2613,2612,1,7
2614,2613,1,9
2615,2614,1,6
2616,2615,1,0
2617,2616,1,1
2618,2617,1,0
2619,2618,1,7
2620,2619,1,1
2621,2620,1,5
2622,2621,1,0
2623,2622,1,5
2624,2623,1,1
2625,2624,1,0
2626,2625,1,2
2627,2626,1,2
2628,2627,1,3
2629,2628,1,8
2630,2629,1,0
2631,2630,1,1
2632,2631,1,6
2633,2632,1,3
2634,2633,1,9
2635,2634,1,7
2636,2635,1,6
2637,2636,1,8
2638,2637,1,6
2639,2638,1,6
2640,2639,1,5
2641,2640,1,9
2642,2641,1,2
2643,2642,1,0
2644,2643,1,9
2645,2643,1,9
2646,2645,1,1
2647,2646,1,5
2648,2647,1,4
2649,2648,1,2
2650,2649,1,9
2651,2650,1,7
2652,2651,1,5
2653,2652,1,3
2654,2653,1,7
2655,2654,1,1
2656,2655,1,5
2657,2656,1,6
2658,2657,1,6
2659,2658,1,7
2660,2659,1,7
2661,2660,1,3
2662,2661,1,3
2663,2662,1,6
2664,2663,1,1
2665,2664,1,2
2666,2665,1,4
2667,2666,1,7
2668,2667,1,1
2669,2668,1,8
2670,2669,1,3
2671,2670,1,2
2672,2671,1,3
2673,2672,1,8
2674,2673,1,7
2675,2674,1,5
2676,2674,1,5
2677,2676,1,7
2678,2677,1,9
2679,2678,1,8
2680,2679,1,8
2681,2679,1,8
2682,2681,1,8
2683,2682,1,8
2684,2683,1,8
2685,2684,1,2
2686,2685,1,8
2687,2686,1,4
2688,2687,1,8
2689,2688,1,1
2690,2689,1,4
2691,2690,1,5
2692,2691,1,7
2693,2692,1,1
2694,2693,1,2
2695,2694,1,2
2696,2695,1,1
2697,2696,1,9
2698,2697,1,9
2699,2698,1,5
2700,2699,1,8
2701,2700,1,2
2702,2701,1,7
2703,2702,1,9
2704,2703,1,9
2705,2704,1,7
2706,2705,1,3
2707,2706,1,7
2708,2707,1,3
2709,2708,1,1
2710,2709,1,0
2711,2710,1,6
2712,2711,1,7
2713,2712,1,9
2714,2712,1,9
2715,2714,1,2
2716,2715,1,4
2717,2716,1,1
2718,2717,1,1
2719,2718,1,0
2720,2718,1,0
2721,2720,1,3
2722,2721,1,2
2723,2722,1,9
2724,2723,1,6
2725,2724,1,4
2726,2725,1,1
2727,2726,1,3
2728,2727,1,5
2729,2728,1,9
2730,2729,1,0
2731,2730,1,1
2732,2731,1,1
2733,2732,1,4
2734,2733,1,2
2735,2734,1,3
2736,2735,1,3
2737,2736,1,0
2738,2737,1,4
2739,2738,1,2
2740,2739,1,5
2741,2740,1,3
2742,2741,1,6
2743,2742,1,4
2744,2743,1,7
2745,2744,1,5
2746,2745,1,0
2747,2746,1,0
2748,2747,1,1
2749,2748,1,2
2750,2749,1,2
2751,2750,1,7
2752,2751,1,3
2753,2752,1,7
2754,2753,1,4
2755,2754,1,7
2756,2755,1,5
2757,2756,1,6
2758,2757,1,6
2759,2758,1,5
2760,2759,1,7
2761,2760,1,3
2762,2761,1,8
2763,2762,1,1
2764,2763,1,9
2765,2764,1,9
2766,2765,1,0
2767,2766,1,7
2768,2767,1,1
2769,2768,1,8
2770,2769,1,2
2771,2770,1,0
2772,2771,1,3
2773,2772,1,4
2774,2773,1,4
2775,2774,1,3
2776,2775,1,5
2777,2776,1,1
2778,2777,1,6
2779,2778,1,7
2780,2779,1,9
2781,2780,1,5
2782,2781,1,8
2783,2782,1,0
2784,2783,1,2
2785,2784,1,1
2786,2785,1,6
2787,2786,1,3
2788,2787,1,9
2789,2788,1,3
2790,2789,1,6
2791,2790,1,2
2792,2791,1,1
2793,2792,1,2
2794,2793,1,9
2795,2794,1,1
2796,2795,1,9
2797,2796,1,3
2798,2797,1,9
2799,2798,1,9
2800,2799,1,4
2801,2800,1,4
2802,2801,1,4
2803,2802,1,2
2804,2803,1,3
2805,2804,1,9
2806,2805,1,8
2807,2806,1,0
2808,2807,1,1
2809,2808,1,4
2810,2809,1,4
2811,2810,1,8
2812,2811,1,1
2813,2812,1,2
2814,2813,1,2
2815,2814,1,7
2816,2815,1,9
2817,2816,1,3
2818,2817,1,0
2819,2818,1,3
2820,2818,1,3
2821,2820,1,3
2822,2821,1,9
2823,2822,1,6
2824,2823,1,1
2825,2824,1,2
2826,2825,1,7
2827,2826,1,0
2828,2827,1,4
2829,2828,1,6
2830,2829,1,4
2831,2830,1,1
2832,2831,1,1
2833,2832,1,4
2834,2833,1,8
2835,2834,1,3
2836,2835,1,7
2837,2836,1,6
2838,2837,1,6
2839,2838,1,2
2840,2839,1,0
2841,2840,1,2
2842,2841,1,8
2843,2842,1,8
2844,2843,1,1
2845,2844,1,7
2846,2845,1,8
2847,2846,1,2
2848,2847,1,2
2849,2848,1,7
2850,2849,1,6
2851,2850,1,6
2852,2851,1,2
2853,2852,1,7
2854,2853,1,1
2855,2854,1,0
2856,2855,1,2
2857,2856,1,4
2858,2857,1,5
2859,2858,1,1
2860,2859,1,4
2861,2860,1,9
2862,2861,1,5
2863,2862,1,6
2864,2862,1,6
2865,2864,1,0
2866,2865,1,7
2867,2866,1,2
2868,2867,1,7
2869,2868,1,5
2870,2869,1,5
2871,2869,1,5
2872,2871,1,3
2873,2872,1,1
2874,2873,1,0
2875,2874,1,4
2876,2875,1,2
2877,2876,1,1
2878,2877,1,2
2879,2878,1,1
2880,2879,1,2
2881,2880,1,6
2882,2881,1,7
2883,2882,1,0
2884,2883,1,3
2885,2884,1,6
2886,2885,1,5
2887,2886,1,3
2888,2887,1,2
2889,2888,1,4
2890,2889,1,1
2891,2890,1,0
2892,2891,1,4
2893,2892,1,2
2894,2893,1,4
2895,2894,1,1
2896,2895,1,3
2897,2896,1,4
2898,2897,1,0
2899,2898,1,6
2900,2899,1,0
2901,2900,1,5
2902,2900,1,5
2903,2902,1,4
2904,2903,1,7
2905,2904,1,0
2906,2905,1,3
2907,2906,1,1
2908,2907,1,1
2909,2908,1,2
2910,2909,1,7
2911,2910,1,6
2912,2911,1,9
2913,2911,1,9
2914,2913,1,6
2915,2914,1,0
2916,2915,1,3
2917,2915,1,3
2918,2917,1,3
2919,2918,1,1
2920,2919,1,0
2921,2920,1,1
2922,2920,1,1
2923,2922,1,4
2924,2923,1,6
2925,2924,1,9
2926,2925,1,6
2927,2925,1,6
2928,2927,1,8
2929,2928,1,5
2930,2929,1,7
2931,2930,1,6
2932,2931,1,3
2933,2931,1,3
2934,2933,1,5
2935,2934,1,9
2936,2935,1,0
2937,2936,1,2
2938,2937,1,1
2939,2938,1,1
2940,2939,1,2
2941,2940,1,8
2942,2940,1,8
2943,2942,1,8
2944,2943,1,4
2945,2944,1,0
2946,2945,1,5
2947,2946,1,5
2948,2947,1,6
2949,2947,1,6
2950,2949,1,7
2951,2949,1,7
2952,2951,1,8
2953,2952,1,0
2954,2953,1,9
2955,2954,1,6
2956,2955,1,0
2957,2956,1,9
2958,2957,1,1
2959,2958,1,8
2960,2959,1,2
2961,2960,1,3
2962,2961,1,3
2963,2962,1,4
2964,2963,1,4
2965,2964,1,3
2966,2965,1,5
2967,2966,1,5
2968,2967,1,6
2969,2968,1,5
2970,2969,1,7
2971,2970,1,1
2972,2971,1,8
2973,2972,1,8
2974,2973,1,9
2975,2974,1,0
2976,2975,1,0
2977,2976,1,2
2978,2977,1,1
2979,2978,1,6
2980,2979,1,2
2981,2980,1,7
2982,2981,1,3
2983,2982,1,7
2984,2983,1,4
2985,2984,1,7
2986,2985,1,7
2987,2986,1,7
2988,2987,1,8
2989,2988,1,1
2990,2989,1,9
2991,2990,1,4
2992,2991,1,8
2993,2992,1,6
2994,2993,1,5
2995,2994,1,1
2996,2995,1,7
2997,2996,1,0
2998,2997,1,9
2999,2997,1,9
3000,2999,1,5
3001,3000,1,9
3002,3000,1,9
3003,3002,1,8
3004,3003,1,8
3005,3004,1,1
3006,3005,1,3
3007,3006,1,2
3008,3007,1,5
3009,3008,1,7
3010,3009,1,4
3011,3010,1,7
3012,3011,1,8
3013,3012,1,0
3014,3013,1,3
3015,3014,1,8
3016,3015,1,0
3017,3016,1,0
3018,3017,1,2
3019,3018,1,4
3020,3019,1,1
3021,3020,1,9
3022,3021,1,0
3023,3022,1,9
3024,3023,1,2
3025,3024,1,0
3026,3025,1,5
3027,3026,1,8
3028,3026,1,8
3029,3028,1,8
3030,3029,1,8
3031,3030,1,9
3032,3031,1,5
3033,3032,1,8
3034,3033,1,3
3035,3034,1,3
3036,3035,1,0
3037,3036,1,6
3038,3037,1,4
3039,3038,1,4
3040,3039,1,4
3041,3040,1,8
3042,3041,1,1
3043,3041,1,1
3044,3043,1,6
3045,3044,1,9
3046,3045,1,1
3047,3046,1,6
3048,3047,1,3
3049,3048,1,3
3050,3049,1,0
3051,3050,1,6
3052,3051,1,3
3053,3052,1,4
3054,3053,1,6
3055,3054,1,2
3056,3055,1,9
3057,3056,1,4
3058,3057,1,3
3059,3058,1,6
3060,3059,1,7
3061,3060,1,7
3062,3061,1,4
3063,3062,1,5
3064,3063,1,9
3065,3064,1,2
3066,3065,1,7
3067,3066,1,8
3068,3067,1,0
3069,3068,1,1
3070,3069,1,9
3071,3070,1,1
3072,3070,1,1
3073,3072,1,4
3074,3072,1,4
3075,3074,1,4
3076,3075,1,3
3077,3076,1,9
3078,3077,1,2
3079,3078,1,2
3080,3079,1,7
3081,3080,1,1
3082,3081,1,7
3083,3081,1,7
3084,3083,1,9
3085,3084,1,9
3086,3085,1,5
3087,3086,1,8
3088,3087,1,7
3089,3088,1,4
3090,3089,1,6
3091,3090,1,9
3092,3091,1,4
3093,3092,1,4
3094,3093,1,8
3095,3094,1,8
3096,3095,1,9
3097,3096,1,6
3098,3097,1,6
3099,3098,1,6
3100,3099,1,9
3101,3100,1,4
3102,3101,1,4
3103,3102,1,2
3104,3103,1,1
3105,3104,1,9
3106,3105,1,2
3107,3106,1,0
3108,3107,1,0
3109,3108,1,3
3110,3109,1,6
3111,3110,1,4
3112,3111,1,1
3113,3112,1,2
3114,3113,1,1
3115,3114,1,8
3116,3115,1,6
3117,3116,1,7
3118,3116,1,7
3119,3118,1,5
3120,3119,1,8
3121,3120,1,1
3122,3121,1,9
3123,3122,1,1
3124,3123,1,6
3125,3124,1,3
3126,3125,1,4
3127,3126,1,5
3128,3127,1,6
3129,3128,1,0
3130,3129,1,5
3131,3130,1,1
3132,3131,1,0
3133,3132,1,1
3134,3133,1,2
3135,3134,1,2
3136,3135,1,0
3137,3136,1,6
3138,3137,1,5
3139,3138,1,4
3140,3139,1,6
3141,3140,1,7
3142,3141,1,5
3143,3142,1,2
3144,3143,1,0
3145,3143,1,0
3146,3145,1,1
3147,3146,1,9
3148,3147,1,2
3149,3148,1,8
3150,3149,1,1
3151,3150,1,3
3152,3151,1,7
3153,3152,1,8
3154,3153,1,8
3155,3154,1,8
3156,3155,1,1
3157,3156,1,2
3158,3156,1,2
3159,3158,1,8
3160,3159,1,3
3161,3160,1,0
3162,3160,1,0
3163,3162,1,7
3164,3162,1,7
3165,3164,1,9
3166,3165,1,2
3167,3166,1,2
3168,3167,1,7
3169,3168,1,8
3170,3169,1,9
3171,3170,1,5
3172,3171,1,3
3173,3172,1,6
3174,3173,1,9
3175,3174,1,3
3176,3175,1,0
3177,3176,1,2
3178,3177,1,1
3179,3178,1,3
3180,3178,1,3
3181,3180,1,5
3182,3181,1,3
3183,3182,1,4
3184,3183,1,4
3185,3184,1,4
3186,3185,1,5
3187,3186,1,9
3188,3187,1,6
3189,3188,1,5
3190,3189,1,7
3191,3190,1,9
3192,3191,1,8
3193,3192,1,3
3194,3193,1,9
3195,3194,1,4
3196,3195,1,0
3197,3196,1,8
3198,3197,1,1
3199,3198,1,0
3200,3199,1,2
3201,3200,1,2
3202,3201,1,3
3203,3202,1,9
3204,3203,1,4
3205,3204,1,5
3206,3205,1,5
3207,3206,1,7
3208,3207,1,6
3209,3208,1,2
3210,3209,1,7
3211,3210,1,7
3212,3211,1,8
3213,3212,1,1
3214,3213,1,0
3215,3214,1,7
3216,3215,1,3
3217,3216,1,5
3218,3217,1,4
3219,3218,1,4
3220,3219,1,5
3221,3220,1,3
3222,3221,1,6
3223,3222,1,4
3224,3223,1,7
3225,3224,1,2
3226,3225,1,8
3227,3226,1,1
3228,3227,1,9
3229,3228,1,7
3230,3229,1,6
3231,3230,1,1
3232,3231,1,0
3233,3232,1,9
3234,3233,1,3
3235,3234,1,1
3236,3235,1,4
3237,3236,1,7
3238,3237,1,1
3239,3238,1,9
3240,3239,1,4
3241,3240,1,4
3242,3241,1,0
3243,3242,1,2
3244,3243,1,8
3245,3244,1,2
3246,3245,1,6
3247,3246,1,7
3248,3247,1,0
3249,3248,1,0
3250,3249,1,7
3251,3250,1,7
3252,3251,1,8
3253,3252,1,7
3254,3253,1,7
3255,3254,1,8
3256,3255,1,7
3257,3256,1,9
3258,3257,1,9
3259,3257,1,9
3260,3259,1,0
3261,3260,1,4
3262,3261,1,4
3263,3262,1,0
3264,3263,1,9
3265,3264,1,3
3266,3265,1,9
3267,3266,1,5
3268,3267,1,7
3269,3268,1,6
3270,3269,1,0
3271,3270,1,7
3272,3271,1,5
3273,3271,1,5
3274,3273,1,8
3275,3274,1,2
3276,3275,1,5
3277,3276,1,7
3278,3277,1,9
3279,3278,1,4
3280,3279,1,8
3281,3280,1,4
3282,3281,1,8
3283,3282,1,7
3284,3283,1,7
3285,3284,1,9
3286,3285,1,5
3287,3286,1,0
3288,3287,1,6
3289,3287,1,6
3290,3289,1,5
3291,3290,1,4
3292,3291,1,3
3293,3292,1,9
3294,3293,1,8
3295,3294,1,6
3296,3295,1,1
3297,3296,1,9
3298,3297,1,6
3299,3297,1,6
3300,3299,1,8
3301,3300,1,2
3302,3301,1,5
3303,3302,1,9
3304,3303,1,9
3305,3304,1,2
3306,3305,1,2
3307,3306,1,1
3308,3306,1,1
3309,3308,1,2
3310,3309,1,0
3311,3310,1,9
3312,3311,1,9
3313,3312,1,4
3314,3313,1,2
3315,3314,1,3
3316,3315,1,4
3317,3316,1,9
3318,3317,1,7
3319,3318,1,3
3320,3319,1,3
3321,3320,1,3
3322,3321,1,1
3323,3322,1,9
3324,3323,1,3
3325,3324,1,7
3326,3325,1,6
3327,3326,1,5
3328,3327,1,6
3329,3328,1,0
3330,3329,1,2
3331,3330,1,6
3332,3331,1,1
3333,3332,1,3
3334,3333,1,2
3335,3334,1,4
3336,3335,1,6
3337,3336,1,3
3338,3337,1,0
3339,3338,1,8
3340,3339,1,2
3341,3340,1,4
3342,3341,1,2
3343,3342,1,2
3344,3343,1,7
3345,3344,1,1
3346,3345,1,1
3347,3346,1,9
3348,3347,1,3
3349,3348,1,9
3350,3349,1,7
3351,3350,1,4
3352,3351,1,4
3353,3352,1,4
3354,3353,1,8
3355,3354,1,8
3356,3355,1,9
3357,3356,1,5
3358,3357,1,2
3359,3358,1,3
3360,3359,1,9
3361,3360,1,4
3362,3361,1,5
3363,3362,1,2
3364,3363,1,6
3365,3364,1,6
3366,3365,1,8
3367,3366,1,6
3368,3367,1,0
3369,3368,1,7
3370,3369,1,0
3371,3370,1,4
3372,3371,1,9
3373,3372,1,7
3374,3373,1,1
3375,3374,1,9
3376,3375,1,1
3377,3376,1,0
3378,3377,1,0
3379,3378,1,5
3380,3379,1,1
3381,3380,1,1
3382,3381,1,2
3383,3382,1,9
3384,3383,1,3
3385,3384,1,5
3386,3385,1,5
3387,3386,1,3
3388,3387,1,6
3389,3388,1,4
3390,3389,1,9
3391,3390,1,2
3392,3391,1,0
3393,3392,1,6
3394,3393,1,1
3395,3394,1,1
3396,3395,1,2
3397,3396,1,0
3398,3397,1,3
3399,3398,1,9
3400,3399,1,4
3401,3400,1,3
3402,3401,1,5
3403,3402,1,3
3404,3403,1,6
3405,3404,1,3
3406,3405,1,7
3407,3406,1,1
3408,3407,1,8
3409,3408,1,7
3410,3409,1,0
3411,3410,1,0
3412,3411,1,1
3413,3412,1,1
3414,3413,1,2
3415,3414,1,9
3416,3415,1,3
3417,3416,1,5
3418,3417,1,4
3419,3418,1,1
3420,3419,1,5
3421,3420,1,8
3422,3421,1,6
3423,3422,1,3
3424,3423,1,7
3425,3424,1,3
3426,3425,1,8
3427,3426,1,7
3428,3427,1,1
3429,3428,1,7
3430,3429,1,0
3431,3430,1,1
3432,3431,1,1
3433,3432,1,8
3434,3433,1,5
3435,3434,1,0
3436,3435,1,3
3437,3436,1,4
3438,3437,1,4
3439,3438,1,8
3440,3439,1,4
3441,3440,1,1
3442,3441,1,0
3443,3442,1,7
3444,3443,1,0
3445,3444,1,2
3446,3445,1,6
3447,3446,1,8
3448,3447,1,9
3449,3448,1,7
3450,3449,1,6
3451,3450,1,4
3452,3451,1,6
3453,3452,1,3
3454,3453,1,5
3455,3454,1,6
3456,3455,1,4
3457,3456,1,1
3458,3457,1,4
3459,3458,1,4
3460,3459,1,4
3461,3460,1,3
3462,3461,1,0
3463,3462,1,3
3464,3463,1,7
3465,3464,1,1
3466,3465,1,9
3467,3466,1,3
3468,3467,1,5
3469,3468,1,1
3470,3469,1,7
3471,3470,1,2
3472,3471,1,3
3473,3472,1,3
3474,3473,1,1
3475,3474,1,6
3476,3475,1,4
3477,3476,1,8
3478,3477,1,4
3479,3478,1,1
3480,3479,1,0
3481,3480,1,8
3482,3481,1,9
3483,3482,1,8
3484,3483,1,9
3485,3484,1,4
3486,3485,1,6
3487,3486,1,2
3488,3487,1,1
3489,3488,1,1
3490,3489,1,8
3491,3490,1,0
3492,3491,1,3
3493,3492,1,0
3494,3493,1,8
3495,3494,1,7
3496,3495,1,8
3497,3496,1,4
3498,3497,1,8
3499,3498,1,7
3500,3499,1,8
3501,3500,1,5
3502,3501,1,8
3503,3502,1,8
3504,3503,1,4
3505,3504,1,4
3506,3505,1,7
3507,3506,1,9
3508,3507,1,7
3509,3508,1,9
3510,3509,1,1
3511,3510,1,9
3512,3511,1,9
3513,3512,1,8
3514,3513,1,8
3515,3514,1,0
3516,3515,1,7
3517,3516,1,0
3518,3517,1,8
3519,3518,1,7
3520,3519,1,9
3521,3520,1,6
3522,3521,1,3
3523,3522,1,7
3524,3523,1,3
3525,3524,1,6
3526,3525,1,5
3527,3526,1,8
3528,3527,1,5
3529,3528,1,9
3530,3529,1,0
3531,3530,1,6
3532,3531,1,7
3533,3532,1,1
3534,3533,1,9
3535,3534,1,0
3536,3535,1,5
3537,3536,1,2
3538,3537,1,6
3539,3538,1,7
3540,3539,1,5
3541,3539,1,5
3542,3541,1,0
3543,3542,1,3
3544,3543,1,6
3545,3544,1,9
3546,3545,1,1
3547,3546,1,1
3548,3547,1,4
3549,3548,1,4
3550,3549,1,1
3551,3550,1,3
3552,3551,1,1
3553,3552,1,3
3554,3553,1,2
3555,3554,1,8
3556,3555,1,8
3557,3556,1,7
3558,3557,1,2
3559,3558,1,5
3560,3559,1,6
3561,3560,1,1
3562,3561,1,1
3563,3562,1,0
3564,3563,1,5
3565,3564,1,2
3566,3565,1,0
3567,3566,1,9
3568,3567,1,1
3569,3568,1,0
3570,3569,1,2
3571,3570,1,8
3572,3571,1,3
3573,3572,1,6
3574,3573,1,4
3575,3574,1,2
3576,3575,1,5
3577,3576,1,3
3578,3577,1,6
3579,3578,1,2
3580,3579,1,7
3581,3580,1,5
3582,3581,1,8
3583,3582,1,2
3584,3583,1,9
3585,3584,1,8
3586,3585,1,0
3587,3586,1,6
3588,3587,1,1
3589,3588,1,9
3590,3589,1,2
3591,3590,1,0
3592,3591,1,3
3593,3592,1,1
3594,3592,1,1
3595,3594,1,9
3596,3595,1,5
3597,3596,1,3
3598,3597,1,6
3599,3598,1,9
3600,3599,1,7
3601,3600,1,8
3602,3601,1,8
3603,3602,1,1
3604,3603,1,0
3605,3604,1,1
3606,3605,1,1
3607,3606,1,3
3608,3607,1,2
3609,3608,1,4
3610,3609,1,3
3611,3610,1,0
3612,3611,1,4
3613,3612,1,0
3614,3613,1,5
3615,3614,1,3
3616,3615,1,6
3617,3616,1,8
3618,3617,1,7
3619,3618,1,7
3620,3619,1,8
3621,3620,1,7
3622,3621,1,9
3623,3622,1,0
3624,3623,1,6
3625,3624,1,4
3626,3625,1,4
3627,3626,1,3
3628,3627,1,2
3629,3628,1,1
3630,3629,1,6
3631,3630,1,8
3632,3631,1,4
3633,3632,1,0
3634,3633,1,7
3635,3634,1,5
3636,3635,1,5
3637,3636,1,9
3638,3637,1,5
3639,3638,1,5
3640,3639,1,4
3641,3640,1,7
3642,3641,1,7
3643,3642,1,2
3644,3643,1,8
3645,3644,1,1
3646,3645,1,9
3647,3646,1,6
3648,3647,1,2
3649,3648,1,5
3650,3649,1,9
3651,3650,1,6
3652,3651,1,3
3653,3652,1,4
3654,3653,1,9
3655,3654,1,6
3656,3655,1,3
3657,3656,1,3
3658,3657,1,8
3659,3658,1,8
3660,3659,1,2
3661,3660,1,2
3662,3661,1,0
3663,3662,1,9
3664,3663,1,9
3665,3664,1,8
3666,3665,1,8
3667,3666,1,4
3668,3667,1,0
3669,3668,1,4
3670,3669,1,5
3671,3670,1,3
3672,3671,1,6
3673,3672,1,2
3674,3673,1,0
3675,3674,1,3
3676,3675,1,1
3677,3676,1,2
3678,3677,1,0
3679,3678,1,9
3680,3679,1,2
3681,3680,1,2
3682,3681,1,5
3683,3682,1,5
3684,3683,1,3
3685,3684,1,3
3686,3685,1,5
3687,3686,1,4
3688,3687,1,3
3689,3688,1,8
3690,3689,1,8
3691,3690,1,8
3692,3691,1,0
3693,3692,1,7
3694,3693,1,0
3695,3694,1,4
3696,3695,1,5
3697,3696,1,9
3698,3697,1,4
3699,3698,1,0
3700,3699,1,3
3701,3700,1,6
3702,3701,1,4
3703,3702,1,0
3704,3703,1,1
3705,3704,1,9
3706,3705,1,5
3707,3706,1,6
3708,3707,1,3
3709,3708,1,4
3710,3709,1,0
3711,3710,1,2
3712,3711,1,8
3713,3712,1,2
3714,3713,1,3
3715,3714,1,1
3716,3715,1,0
3717,3716,1,4
3718,3717,1,6
3719,3718,1,7
3720,3719,1,2
3721,3720,1,0
3722,3721,1,7
3723,3722,1,2
3724,3723,1,1
3725,3724,1,4
3726,3725,1,1
3727,3726,1,6
3728,3727,1,8
3729,3728,1,7
3730,3729,1,1
3731,3730,1,8
3732,3731,1,7
3733,3732,1,4
3734,3733,1,1
3735,3734,1,0
3736,3735,1,3
3737,3735,1,3
3738,3737,1,8
3739,3738,1,4
3740,3739,1,4
3741,3740,1,3
3742,3741,1,2
3743,3742,1,9
3744,3743,1,0
3745,3744,1,8
3746,3745,1,9
3747,3746,1,9
3748,3747,1,7
3749,3748,1,2
3750,3749,1,6
3751,3750,1,7
3752,3751,1,7
3753,3752,1,5
3754,3753,1,4
3755,3754,1,3
3756,3755,1,1
3757,3756,1,3
3758,3757,1,6
3759,3758,1,1
3760,3759,1,8
3761,3760,1,9
3762,3761,1,4
3763,3762,1,8
3764,3763,1,1
3765,3764,1,6
3766,3765,1,2
3767,3766,1,8
3768,3767,1,6
3769,3768,1,5
3770,3769,1,7
3771,3770,1,9
3772,3771,1,1
3773,3772,1,6
3774,3773,1,9
3775,3773,1,9
3776,3775,1,8
3777,3776,1,0
3778,3777,1,0
3779,3778,1,0
3780,3779,1,6
3781,3780,1,7
3782,3781,1,9
3783,3782,1,7
3784,3783,1,4
3785,3784,1,9
3786,3785,1,9
3787,3786,1,9
3788,3787,1,9
3789,3788,1,7
3790,3789,1,6
3791,3790,1,7
3792,3791,1,2
3793,3792,1,8
3794,3793,1,3
3795,3794,1,6
3796,3795,1,7
3797,3796,1,9
3798,3797,1,1
3799,3798,1,7
3800,3799,1,2
3801,3800,1,1
3802,3801,1,5
3803,3802,1,1
3804,3803,1,3
3805,3804,1,7
3806,3805,1,7
3807,3806,1,0
3808,3807,1,8
3809,3808,1,6
3810,3809,1,0
3811,3810,1,3
3812,3811,1,1
3813,3812,1,3
3814,3813,1,2
3815,3814,1,6
3816,3815,1,3
3817,3816,1,8
3818,3817,1,4
3819,3818,1,9
3820,3819,1,5
3821,3820,1,6
3822,3821,1,6
3823,3822,1,1
3824,3823,1,7
3825,3824,1,3
3826,3825,1,8
3827,3826,1,2
3828,3827,1,9
3829,3827,1,9
3830,3829,1,0
3831,3830,1,2
3832,3831,1,1
3833,3832,1,5
3834,3833,1,2
3835,3834,1,9
3836,3835,1,3
3837,3836,1,2
3838,3837,1,4
3839,3838,1,4
3840,3839,1,5
3841,3840,1,7
3842,3841,1,6
3843,3842,1,8
3844,3843,1,7
3845,3844,1,3
3846,3844,1,3
3847,3846,1,7
3848,3847,1,9
3849,3848,1,2
3850,3849,1,0
3851,3850,1,1
3852,3851,1,1
3853,3852,1,9
3854,3853,1,2
3855,3854,1,7
3856,3855,1,3
3857,3856,1,6
3858,3857,1,4
3859,3858,1,6
3860,3859,1,5
3861,3860,1,5
3862,3861,1,6
3863,3862,1,4
3864,3863,1,7
3865,3864,1,5
3866,3865,1,8
3867,3866,1,8
3868,3867,1,9
3869,3868,1,7
3870,3869,1,6
3871,3870,1,5
3872,3871,1,2
3873,3872,1,8
3874,3873,1,6
3875,3874,1,9
3876,3875,1,5
3877,3876,1,0
3878,3877,1,4
3879,3878,1,1
3880,3879,1,2
3881,3880,1,2
3882,3881,1,0
3883,3882,1,0
3884,3883,1,8
3885,3884,1,0
3886,3885,1,1
3887,3886,1,2
3888,3887,1,7
3889,3888,1,0
3890,3889,1,1
3891,3890,1,2
3892,3891,1,8
3893,3892,1,8
3894,3893,1,3
3895,3894,1,7
3896,3895,1,7
3897,3896,1,0
3898,3897,1,1
3899,3898,1,1
3900,3899,1,7
3901,3900,1,1
3902,3901,1,1
3903,3902,1,2
3904,3903,1,4
3905,3904,1,9
3906,3905,1,4
3907,3906,1,0
3908,3907,1,5
3909,3908,1,6
3910,3909,1,7
3911,3910,1,6
3912,3911,1,4
3913,3912,1,9
3914,3913,1,9
3915,3914,1,7
3916,3915,1,7
3917,3916,1,7
3918,3917,1,2
3919,3918,1,8
3920,3919,1,6
3921,3920,1,3
3922,3921,1,5
3923,3922,1,5
3924,3923,1,3
3925,3924,1,2
3926,3925,1,9
3927,3926,1,1
3928,3927,1,9
3929,3928,1,8
3930,3929,1,0
3931,3930,1,2
3932,3931,1,8
3933,3932,1,6
3934,3933,1,7
3935,3934,1,2
3936,3935,1,9
3937,3936,1,6
3938,3937,1,0
3939,3938,1,3
3940,3939,1,6
3941,3940,1,7
3942,3941,1,3
3943,3942,1,7
3944,3943,1,0
3945,3944,1,5
3946,3945,1,4
3947,3946,1,4
3948,3947,1,6
3949,3947,1,6
3950,3949,1,3
3951,3950,1,6
3952,3951,1,7
3953,3952,1,6
3954,3952,1,6
3955,3954,1,1
3956,3955,1,1
3957,3956,1,1
3958,3957,1,4
3959,3958,1,8
3960,3959,1,8
3961,3960,1,6
3962,3961,1,8
3963,3962,1,1
3964,3962,1,1
3965,3964,1,0
3966,3965,1,2
3967,3965,1,2
3968,3967,1,9
3969,3968,1,8
3970,3969,1,3
3971,3969,1,3
3972,3971,1,1
3973,3972,1,5
3974,3972,1,5
3975,3974,1,5
3976,3975,1,2
3977,3976,1,8
3978,3977,1,9
3979,3977,1,9
3980,3979,1,8
3981,3979,1,8
3982,3981,1,2
3983,3982,1,9
3984,3982,1,9
3985,3984,1,4
3986,3984,1,4
3987,3986,1,8
3988,3987,1,9
3989,3987,1,9
3990,3987,1,9
3991,3990,1,4
3992,3990,1,4
3993,3992,1,7
3994,3993,1,6
3995,3994,1,6
3996,3995,1,3
3997,3996,1,1
3998,3997,1,3
3999,3998,1,9
4000,3998,1,9
4001,4000,1,7
4002,4001,1,3
4003,4002,1,0
4004,4003,1,1
4005,4004,1,5
4006,4005,1,2
4007,4006,1,8
4008,4007,1,5
4009,4008,1,0
4010,4009,1,0
4011,4010,1,1
4012,4011,1,3
4013,4012,1,1
4014,4013,1,1
4015,4014,1,1
4016,4014,1,1
4017,4015,1,5
4018,4017,1,5
4019,4018,1,6
4020,4019,1,9
4021,4020,1,7
4022,4021,1,8
4023,4021,1,8
4024,4023,1,0
4025,4024,1,7
4026,4025,1,9
4027,4026,1,9
4028,4027,1,0
4029,4028,1,2
4030,4029,1,1
4031,4030,1,6
4032,4031,1,2
4033,4031,1,2
4034,4033,1,3
4035,4034,1,7
4036,4035,1,4
4037,4036,1,8
4038,4037,1,5
4039,4038,1,4
4040,4039,1,6
4041,4040,1,8
4042,4041,1,7
4043,4042,1,7
4044,4043,1,8
4045,4044,1,0
4046,4044,1,0
4047,4046,1,7
4048,4047,1,0
4049,4047,1,0
4050,4049,1,1
4051,4049,1,1
4052,4051,1,2
4053,4052,1,8
4054,4053,1,3
4055,4054,1,6
4056,4055,1,4
4057,4056,1,9
4058,4057,1,5
4059,4058,1,8
4060,4059,1,6
4061,4060,1,9
4062,4061,1,7
4063,4062,1,5
4064,4063,1,8
4065,4064,1,1
4066,4065,1,9
4067,4066,1,1
4068,4067,1,0
4069,4068,1,3
4070,4069,1,1
4071,4070,1,1
4072,4071,1,2
4073,4072,1,6
4074,4072,1,6
4075,4074,1,7
4076,4074,1,7
4077,4076,1,5
4078,4077,1,5
4079,4078,1,6
4080,4079,1,6
4081,4080,1,2
4082,4081,1,7
4083,4081,1,7
4084,4083,1,8
4085,4084,1,8
4086,4085,1,9
4087,4086,1,2
4088,4086,1,2
4089,4088,1,4
4090,4089,1,1
4091,4089,1,1
4092,4091,1,9
4093,4092,1,9
4094,4093,1,9
4095,4094,1,3
4096,4095,1,9
4097,4096,1,2
4098,4097,1,4
4099,4098,1,9
4100,4099,1,4
4101,4100,1,8
4102,4101,1,3
4103,4102,1,4
4104,4103,1,8
4105,4104,1,5
4106,4105,1,1
4107,4106,1,0
4108,4107,1,4
4109,4108,1,0
4110,4109,1,1
4111,4109,1,1
4112,4111,1,2
4113,4112,1,6
4114,4113,1,5
4115,4114,1,4
4116,4115,1,0
4117,4116,1,7
4118,4117,1,9
4119,4118,1,9
4120,4119,1,5
4121,4120,1,1
4122,4121,1,3
4123,4122,1,9
4124,4123,1,0
4125,4124,1,9
4126,4125,1,4
4127,4126,1,5
4128,4127,1,9
4129,4128,1,1
4130,4129,1,1
4131,4130,1,7
4132,4131,1,7
4133,4132,1,4
4134,4133,1,4
4135,4133,1,4
4136,4135,1,4
4137,4136,1,3
4138,4137,1,1
4139,4138,1,3
4140,4139,1,8
4141,4140,1,1
4142,4141,1,7
4143,4142,1,0
4144,4143,1,6
4145,4144,1,2
4146,4145,1,0
4147,4146,1,4
4148,4147,1,8
4149,4148,1,8
4150,4149,1,1
4151,4150,1,6
4152,4151,1,8
4153,4152,1,1
4154,4153,1,2
4155,4154,1,3
4156,4155,1,6
4157,4156,1,3
4158,4157,1,2
4159,4158,1,9
4160,4159,1,0
4161,4160,1,1
4162,4161,1,9
4163,4162,1,1
4164,4162,1,1
4165,4164,1,7
4166,4165,1,2
4167,4166,1,1
4168,4167,1,5
4169,4168,1,5
4170,4169,1,4
4171,4170,1,6
4172,4171,1,5
4173,4172,1,4
4174,4173,1,7
4175,4174,1,4
4176,4175,1,7
4177,4176,1,8
4178,4177,1,5
4179,4178,1,4
4180,4179,1,3
4181,4180,1,4
4182,4181,1,0
4183,4182,1,2
4184,4183,1,2
4185,4184,1,5
4186,4185,1,2
4187,4186,1,1
4188,4187,1,2
4189,4188,1,6
4190,4189,1,7
4191,4190,1,1
4192,4191,1,3
4193,4192,1,5
4194,4193,1,1
4195,4194,1,5
4196,4195,1,4
4197,4196,1,3
4198,4197,1,4
4199,4198,1,6
4200,4199,1,3
4201,4200,1,7
4202,4201,1,0
4203,4202,1,1
4204,4203,1,0
4205,4204,1,2
4206,4205,1,4
4207,4206,1,9
4208,4207,1,7
4209,4208,1,2
4210,4209,1,9
4211,4210,1,6
4212,4211,1,7
4213,4212,1,2
4214,4213,1,8
4215,4214,1,6
4216,4215,1,8
4217,4216,1,0
4218,4217,1,7
4219,4218,1,0
4220,4219,1,9
4221,4220,1,0
4222,4221,1,6
4223,4222,1,9
4224,4223,1,3
4225,4224,1,4
4226,4225,1,1
4227,4226,1,7
4228,4227,1,7
4229,4228,1,4
4230,4229,1,9
4231,4230,1,2
4232,4231,1,6
4233,4232,1,6
4234,4233,1,3
4235,4234,1,3
4236,4235,1,3
4237,4236,1,3
4238,4237,1,1
4239,4238,1,3
4240,4239,1,0
4241,4240,1,4
4242,4241,1,2
4243,4242,1,7
4244,4243,1,6
4245,4244,1,9
4246,4245,1,0
4247,4246,1,3
4248,4247,1,5
4249,4248,1,1
4250,4249,1,6
4251,4250,1,3
4252,4251,1,6
4253,4252,1,4
4254,4253,1,8
4255,4254,1,7
4256,4255,1,7
4257,4256,1,3
4258,4257,1,3
4259,4258,1,8
4260,4259,1,5
4261,4260,1,9
4262,4261,1,8
4263,4262,1,3
4264,4263,1,3
4265,4264,1,4
4266,4265,1,0
4267,4266,1,7
4268,4267,1,1
4269,4268,1,6
4270,4269,1,2
4271,4270,1,0
4272,4271,1,3
4273,4272,1,8
4274,4273,1,7
4275,4274,1,4
4276,4275,1,8
4277,4276,1,3
4278,4277,1,9
4279,4278,1,2
4280,4279,1,0
4281,4280,1,7
4282,4281,1,3
4283,4282,1,8
4284,4283,1,4
4285,4284,1,0
4286,4285,1,7
4287,4286,1,1
4288,4287,1,8
4289,4288,1,0
4290,4289,1,0
4291,4290,1,5
4292,4291,1,1
4293,4292,1,4
4294,4293,1,2
4295,4294,1,1
4296,4295,1,3
4297,4296,1,7
4298,4297,1,4
4299,4298,1,7
4300,4299,1,5
4301,4300,1,1
4302,4301,1,6
4303,4302,1,5
4304,4303,1,7
4305,4304,1,5
4306,4305,1,8
4307,4306,1,9
4308,4307,1,9
4309,4308,1,8
4310,4309,1,5
4311,4310,1,0
4312,4311,1,1
4313,4312,1,5
4314,4313,1,9
4315,4314,1,6
4316,4315,1,9
4317,4316,1,0
4318,4317,1,7
4319,4318,1,4
4320,4319,1,1
4321,4320,1,9
4322,4321,1,0
4323,4322,1,2
4324,4323,1,9
4325,4324,1,8
4326,4325,1,0
4327,4326,1,7
4328,4327,1,5
4329,4328,1,3
4330,4329,1,9
4331,4330,1,7
4332,4331,1,7
4333,4332,1,7
4334,4333,1,1
4335,4334,1,7
4336,4335,1,3
4337,4335,1,3
4338,4337,1,6
4339,4338,1,7
4340,4339,1,3
4341,4340,1,0
4342,4341,1,2
4343,4342,1,3
4344,4343,1,0
4345,4344,1,0
4346,4345,1,9
4347,4346,1,4
4348,4347,1,0
4349,4348,1,8
4350,4349,1,6
4351,4350,1,9
4352,4351,1,1
4353,4352,1,3
4354,4353,1,7
4355,4354,1,7
4356,4355,1,2
4357,4356,1,0
4358,4357,1,8
4359,4358,1,7
4360,4359,1,3
4361,4360,1,6
4362,4361,1,4
4363,4362,1,9
4364,4363,1,7
4365,4364,1,6
4366,4365,1,6
4367,4366,1,7
4368,4367,1,6
4369,4367,1,6
4370,4369,1,3
4371,4370,1,8
4372,4371,1,2
4373,4372,1,7
4374,4373,1,3
4375,4374,1,0
4376,4375,1,8
4377,4376,1,5
4378,4377,1,9
4379,4378,1,9
4380,4379,1,4
4381,4380,1,2
4382,4381,1,8
4383,4382,1,4
4384,4383,1,8
4385,4384,1,8
4386,4385,1,7
4387,4386,1,4
4388,4387,1,1
4389,4388,1,8
4390,4389,1,0
4391,4390,1,1
4392,4391,1,8
4393,4392,1,6
4394,4393,1,7
4395,4394,1,7
4396,4395,1,7
4397,4396,1,7
4398,4397,1,5
4399,4398,1,2
4400,4399,1,9
4401,4400,1,3
4402,4401,1,2
4403,4402,1,6
4404,4403,1,3
4405,4404,1,6
4406,4405,1,1
4407,4406,1,4
4408,4407,1,1
4409,4408,1,6
4410,4409,1,4
4411,4410,1,4
4412,4411,1,5
4413,4412,1,1
4414,4413,1,5
4415,4414,1,2
4416,4415,1,0
4417,4416,1,5
4418,4417,1,4
4419,4418,1,3
4420,4419,1,8
4421,4420,1,1
4422,4421,1,7
4423,4422,1,7
4424,4423,1,4
4425,4424,1,5
4426,4425,1,9
4427,4426,1,6
4428,4427,1,2
4429,4428,1,2
4430,4429,1,3
4431,4430,1,6
4432,4431,1,6
4433,4432,1,7
4434,4433,1,4
4435,4434,1,8
4436,4435,1,1
4437,4436,1,4
4438,4437,1,2
4439,4438,1,4
4440,4439,1,4
4441,4440,1,8
4442,4441,1,1
4443,4442,1,2
4444,4443,1,5
4445,4444,1,0
4446,4445,1,1
4447,4446,1,2
4448,4447,1,9
4449,4448,1,8
4450,4449,1,3
4451,4450,1,5
4452,4451,1,2
4453,4452,1,7
4454,4453,1,0
4455,4454,1,4
4456,4455,1,0
4457,4456,1,9
4458,4457,1,2
4459,4458,1,7
4460,4459,1,9
4461,4460,1,4
4462,4461,1,3
4463,4462,1,5
4464,4463,1,6
4465,4464,1,4
4466,4465,1,0
4467,4466,1,9
4468,4467,1,1
4469,4468,1,8
4470,4469,1,2
4471,4470,1,1
4472,4471,1,3
4473,4472,1,7
4474,4473,1,4
4475,4474,1,2
4476,4475,1,5
4477,4476,1,2
4478,4477,1,6
4479,4478,1,7
4480,4479,1,7
4481,4480,1,5
4482,4481,1,8
4483,4482,1,8
4484,4483,1,9
4485,4484,1,1
4486,4485,1,0
4487,4486,1,1
4488,4487,1,1
4489,4488,1,0
4490,4489,1,2
4491,4490,1,3
4492,4491,1,3
4493,4492,1,1
4494,4493,1,4
4495,4494,1,4
4496,4495,1,5
4497,4496,1,0
4498,4497,1,6
4499,4498,1,4
4500,4499,1,7
4501,4500,1,0
4502,4501,1,8
4503,4502,1,1
4504,4503,1,9
4505,4504,1,1
4506,4505,1,0
4507,4506,1,3
4508,4507,1,1
4509,4508,1,3
4510,4509,1,2
4511,4510,1,3
4512,4511,1,3
4513,4512,1,3
4514,4513,1,4
4515,4514,1,2
4516,4515,1,5
4517,4516,1,7
4518,4517,1,6
4519,4518,1,2
4520,4519,1,7
4521,4520,1,6
4522,4521,1,8
4523,4522,1,4
4524,4523,1,9
4525,4524,1,1
4526,4525,1,8
4527,4526,1,6
4528,4527,1,0
4529,4528,1,7
4530,4529,1,5
4531,4530,1,7
4532,4531,1,6
4533,4532,1,0
4534,4533,1,6
4535,4534,1,1
4536,4535,1,0
4537,4536,1,6
4538,4537,1,8
4539,4538,1,4
4540,4539,1,0
4541,4540,1,4
4542,4541,1,2
4543,4542,1,2
4544,4543,1,3
4545,4544,1,9
4546,4545,1,7
4547,4546,1,6
4548,4547,1,9
4549,4548,1,7
4550,4549,1,4
4551,4550,1,2
4552,4551,1,7
4553,4552,1,3
4554,4553,1,1
4555,4554,1,1
4556,4555,1,9
4557,4556,1,0
4558,4557,1,1
4559,4558,1,5
4560,4559,1,7
4561,4560,1,6
4562,4561,1,1
4563,4562,1,5
4564,4563,1,0
4565,4564,1,4
4566,4565,1,0
4567,4566,1,1
4568,4567,1,4
4569,4568,1,9
4570,4569,1,1
4571,4570,1,3
4572,4571,1,7
4573,4572,1,6
4574,4573,1,5
4575,4574,1,2
4576,4575,1,7
4577,4576,1,2
4578,4577,1,1
4579,4578,1,8
4580,4579,1,3
4581,4580,1,8
4582,4581,1,3
4583,4582,1,8
4584,4583,1,3
4585,4584,1,3
4586,4585,1,1
4587,4586,1,6
4588,4587,1,6
4589,4588,1,0
4590,4589,1,9
4591,4590,1,5
4592,4591,1,7
4593,4592,1,7
4594,4593,1,4
4595,4594,1,9
4596,4595,1,3
4597,4596,1,5
4598,4597,1,0
4599,4598,1,8
4600,4599,1,2
4601,4600,1,5
4602,4600,1,5
4603,4602,1,1
4604,4603,1,2
4605,4604,1,7
4606,4605,1,6
4607,4606,1,9
4608,4607,1,0
4609,4608,1,0
4610,4609,1,8
4611,4610,1,2
4612,4611,1,9
4613,4612,1,6
4614,4613,1,4
4615,4614,1,5
4616,4615,1,3
4617,4616,1,4
4618,4617,1,5
4619,4618,1,7
4620,4619,1,4
4621,4620,1,6
4622,4621,1,8
4623,4622,1,5
4624,4622,1,5
4625,4624,1,0
4626,4625,1,5
4627,4626,1,4
4628,4627,1,9
4629,4628,1,3
4630,4629,1,0
4631,4630,1,9
4632,4631,1,6
4633,4632,1,3
4634,4633,1,4
4635,4634,1,8
4636,4635,1,6
4637,4636,1,4
4638,4637,1,8
4639,4638,1,3
4640,4639,1,1
4641,4640,1,6
4642,4641,1,4
4643,4642,1,0
4644,4643,1,7
4645,4644,1,1
4646,4645,1,5
4647,4646,1,2
4648,4647,1,7
4649,4648,1,2
4650,4649,1,2
4651,4650,1,2
4652,4651,1,2
4653,4652,1,8
4654,4653,1,0
4655,4654,1,1
4656,4655,1,0
4657,4656,1,0
4658,4657,1,1
4659,4658,1,3
4660,4659,1,7
4661,4660,1,6
4662,4661,1,7
4663,4662,1,2
4664,4663,1,9
4665,4664,1,2
4666,4665,1,5
4667,4666,1,5
4668,4667,1,9
4669,4668,1,9
4670,4669,1,8
4671,4670,1,5
4672,4671,1,9
4673,4672,1,7
4674,4673,1,6
4675,4674,1,3
4676,4675,1,8
4677,4676,1,1
4678,4677,1,8
4679,4678,1,9
4680,4679,1,2
4681,4680,1,7
4682,4681,1,3
4683,4682,1,0
4684,4683,1,6
4685,4684,1,8
4686,4685,1,1
4687,4686,1,0
4688,4687,1,2
4689,4688,1,0
4690,4689,1,9
4691,4690,1,9
4692,4691,1,8
4693,4692,1,8
4694,4693,1,9
4695,4694,1,3
4696,4695,1,5
4697,4696,1,1
4698,4697,1,2
4699,4698,1,8
4700,4699,1,6
4701,4700,1,8
4702,4701,1,2
4703,4702,1,6
4704,4703,1,4
4705,4704,1,5
4706,4705,1,8
4707,4706,1,2
4708,4707,1,4
4709,4708,1,1
4710,4709,1,6
4711,4710,1,1
4712,4711,1,5
4713,4712,1,6
4714,4713,1,0
4715,4714,1,2
4716,4715,1,1
4717,4716,1,2
4718,4717,1,2
4719,4718,1,0
4720,4719,1,3
4721,4720,1,9
4722,4721,1,4
4723,4722,1,2
4724,4723,1,5
4725,4724,1,6
4726,4725,1,7
4727,4726,1,7
4728,4727,1,8
4729,4728,1,5
4730,4729,1,0
4731,4730,1,4
4732,4731,1,1
4733,4732,1,6
4734,4733,1,2
4735,4734,1,7
4736,4735,1,3
4737,4736,1,3
4738,4737,1,4
4739,4738,1,0
4740,4739,1,5
4741,4740,1,3
4742,4741,1,6
4743,4742,1,3
4744,4743,1,7
4745,4744,1,0
4746,4745,1,8
4747,4746,1,4
4748,4747,1,9
4749,4748,1,0
4750,4749,1,0
4751,4750,1,1
4752,4751,1,1
4753,4752,1,5
4754,4753,1,2
4755,4754,1,9
4756,4755,1,3
4757,4756,1,0
4758,4757,1,4
4759,4758,1,4
4760,4759,1,7
4761,4760,1,5
4762,4761,1,8
4763,4762,1,3
4764,4763,1,1
4765,4764,1,1
4766,4765,1,6
4767,4766,1,1
4768,4767,1,8
4769,4768,1,4
4770,4769,1,9
4771,4770,1,6
4772,4771,1,9
4773,4772,1,1
4774,4773,1,0
4775,4774,1,7
4776,4775,1,1
4777,4776,1,0
4778,4777,1,2
4779,4778,1,6
4780,4779,1,4
4781,4780,1,4
4782,4781,1,4
4783,4782,1,4
4784,4783,1,3
4785,4784,1,7
4786,4785,1,7
4787,4786,1,5
4788,4787,1,4
4789,4788,1,9
4790,4789,1,4
4791,4790,1,1
4792,4791,1,4
4793,4792,1,3
4794,4793,1,0
4795,4794,1,7
4796,4795,1,3
4797,4796,1,4
4798,4797,1,8
4799,4798,1,4
4800,4799,1,7
4801,4800,1,6
4802,4801,1,5
4803,4802,1,4
4804,4803,1,8
4805,4804,1,0
4806,4805,1,2
4807,4806,1,7
4808,4807,1,1
4809,4808,1,3
4810,4809,1,7
4811,4810,1,1
4812,4811,1,9
4813,4812,1,4
4814,4813,1,1
4815,4814,1,8
4816,4815,1,1
4817,4816,1,9
4818,4817,1,6
4819,4818,1,6
4820,4819,1,2
4821,4820,1,5
4822,4821,1,1
4823,4822,1,4
4824,4823,1,3
4825,4824,1,9
4826,4825,1,8
4827,4826,1,9
4828,4827,1,6
4829,4828,1,6
4830,4829,1,4
4831,4830,1,9
4832,4831,1,9
4833,4832,1,7
4834,4833,1,4
4835,4834,1,8
4836,4835,1,2
4837,4836,1,3
4838,4837,1,4
4839,4838,1,4
4840,4839,1,4
4841,4840,1,7
4842,4841,1,6
4843,4842,1,7
4844,4843,1,2
4845,4844,1,5
4846,4845,1,5
4847,4846,1,2
4848,4847,1,5
4849,4848,1,8
4850,4849,1,0
4851,4850,1,3
4852,4851,1,2
4853,4852,1,0
4854,4853,1,8
4855,4854,1,0
4856,4855,1,0
4857,4856,1,2
4858,4857,1,6
4859,4858,1,7
4860,4859,1,8
4861,4860,1,8
4862,4861,1,1
4863,4862,1,8
4864,4863,1,7
4865,4864,1,3
4866,4865,1,1
4867,4866,1,3
4868,4867,1,6
4869,4868,1,3
4870,4869,1,7
4871,4870,1,0
4872,4871,1,6
4873,4872,1,1
4874,4873,1,8
4875,4874,1,4
4876,4875,1,7
4877,4876,1,7
4878,4877,1,4
4879,4878,1,3
4880,4879,1,9
4881,4880,1,2
4882,4881,1,3
4883,4882,1,6
4884,4883,1,3
4885,4884,1,1
4886,4885,1,5
4887,4886,1,6
4888,4887,1,8
4889,4888,1,7
4890,4889,1,0
4891,4890,1,4
4892,4891,1,3
4893,4892,1,0
4894,4893,1,7
4895,4894,1,9
4896,4895,1,9
4897,4896,1,4
4898,4897,1,7
4899,4898,1,3
4900,4899,1,7
4901,4900,1,1
4902,4901,1,9
4903,4902,1,9
4904,4903,1,1
4905,4904,1,7
4906,4905,1,6
4907,4906,1,0
4908,4907,1,7
4909,4908,1,5
4910,4909,1,8
4911,4910,1,6
4912,4911,1,0
4913,4912,1,9
4914,4913,1,1
4915,4914,1,2
4916,4915,1,2
4917,4916,1,9
4918,4917,1,3
4919,4918,1,0
4920,4919,1,4
4921,4920,1,1
4922,4921,1,5
4923,4922,1,6
4924,4923,1,6
4925,4924,1,1
4926,4925,1,7
4927,4926,1,0
4928,4927,1,8
4929,4928,1,7
4930,4929,1,9
4931,4930,1,6
4932,4931,1,0
4933,4932,1,9
4934,4933,1,1
4935,4934,1,6
4936,4935,1,2
4937,4936,1,9
4938,4937,1,3
4939,4938,1,2
4940,4939,1,4
4941,4940,1,5
4942,4941,1,5
4943,4942,1,1
4944,4943,1,6
4945,4944,1,1
4946,4945,1,7
4947,4946,1,7
4948,4947,1,8
4949,4948,1,5
4950,4949,1,9
4951,4950,1,1
4952,4951,1,0
4953,4952,1,4
4954,4953,1,1
4955,4954,1,4
4956,4955,1,2
4957,4956,1,3
4958,4957,1,3
4959,4958,1,1
4960,4959,1,4
4961,4960,1,1
4962,4961,1,5
4963,4962,1,0
4964,4963,1,6
4965,4964,1,7
4966,4965,1,7
4967,4966,1,3
4968,4967,1,8
4969,4968,1,9
4970,4969,1,5
4971,4970,1,1
4972,4970,1,1
4973,4972,1,1
4974,4973,1,9
4975,4974,1,5
4976,4975,1,9
4977,4976,1,1
4978,4977,1,7
4979,4978,1,1
4980,4979,1,1
4981,4980,1,6
4982,4981,1,0
4983,4982,1,8
4984,4983,1,9
4985,4984,1,7
4986,4985,1,0
4987,4986,1,2
4988,4987,1,5
4989,4988,1,3
4990,4989,1,9
4991,4990,1,6
4992,4991,1,7
4993,4992,1,8
4994,4993,1,1
4995,4994,1,0
4996,4995,1,7
4997,4996,1,3
4998,4997,1,2
4999,4998,1,1
5000,4999,1,2
5001,5000,1,7
5002,5001,1,3
5003,5002,1,4
5004,5003,1,6
5005,5004,1,1
5006,5005,1,8
5007,5006,1,1
5008,5007,1,0
5009,5008,1,9
5010,5009,1,8
5011,5010,1,0
5012,5011,1,3
5013,5012,1,1
5014,5013,1,2
5015,5014,1,7
5016,5015,1,0
5017,5016,1,2
5018,5017,1,9
5019,5018,1,6
5020,5019,1,0
5021,5020,1,1
5022,5021,1,6
5023,5022,1,7
5024,5023,1,1
5025,5024,1,9
5026,5025,1,7
5027,5026,1,6
5028,5027,1,5
5029,5028,1,5
5030,5029,1,8
5031,5030,1,8
5032,5031,1,3
5033,5032,1,4
5034,5033,1,4
5035,5034,1,8
5036,5035,1,7
5037,5036,1,3
5038,5037,1,6
5039,5038,1,4
5040,5039,1,6
5041,5040,1,6
5042,5041,1,3
5043,5042,1,8
5044,5043,1,8
5045,5044,1,9
5046,5045,1,9
5047,5046,1,4
5048,5047,1,4
5049,5048,1,0
5050,5049,1,7
5051,5050,1,8
5052,5051,1,1
5053,5052,1,0
5054,5053,1,0
5055,5054,1,1
5056,5055,1,8
5057,5056,1,5
5058,5057,1,7
5059,5058,1,1
5060,5059,1,7
5061,5060,1,5
5062,5061,1,5
5063,5062,1,9
5064,5063,1,9
5065,5064,1,4
5066,5065,1,2
5067,5066,1,5
5068,5067,1,3
5069,5068,1,7
5070,5069,1,4
5071,5070,1,6
5072,5071,1,6
5073,5072,1,0
5074,5073,1,1
5075,5074,1,0
5076,5075,1,1
5077,5076,1,2
5078,5077,1,4
5079,5078,1,8
5080,5079,1,5
5081,5080,1,3
5082,5081,1,5
5083,5082,1,0
5084,5083,1,0
5085,5084,1,6
5086,5085,1,4
5087,5086,1,3
5088,5087,1,8
5089,5088,1,3
5090,5089,1,7
5091,5090,1,1
5092,5091,1,4
5093,5092,1,3
5094,5093,1,9
5095,5094,1,2
5096,5095,1,2
5097,5096,1,0
5098,5096,1,0
5099,5098,1,6
5100,5099,1,6
5101,5100,1,7
5102,5101,1,4
5103,5102,1,3
5104,5103,1,2
5105,5104,1,2
5106,5105,1,4
5107,5106,1,9
5108,5107,1,1
5109,5107,1,1
5110,5109,1,5
5111,5110,1,2
5112,5111,1,4
5113,5112,1,8
5114,5113,1,2
5115,5114,1,1
5116,5115,1,0
5117,5116,1,8
5118,5117,1,4
5119,5118,1,4
5120,5119,1,8
5121,5120,1,0
5122,5121,1,6
5123,5122,1,4
5124,5123,1,1
5125,5124,1,4
5126,5125,1,9
5127,5126,1,6
5128,5127,1,3
5129,5128,1,1
5130,5129,1,2
5131,5130,1,9
5132,5131,1,0
5133,5132,1,1
5134,5133,1,0
5135,5134,1,4
5136,5135,1,2
5137,5136,1,9
5138,5137,1,9
5139,5138,1,4
5140,5139,1,3
5141,5140,1,8
5142,5141,1,6
5143,5142,1,9
5144,5143,1,3
5145,5144,1,0
5146,5145,1,6
5147,5146,1,7
5148,5147,1,0
5149,5148,1,3
5150,5149,1,1
5151,5150,1,4
5152,5151,1,2
5153,5152,1,3
5154,5153,1,3
5155,5154,1,0
5156,5155,1,4
5157,5156,1,2
5158,5157,1,5
5159,5158,1,5
5160,5159,1,6
5161,5160,1,3
5162,5161,1,7
5163,5162,1,2
5164,5163,1,8
5165,5164,1,5
5166,5165,1,9
5167,5166,1,2
5168,5167,1,0
5169,5168,1,1
5170,5169,1,1
5171,5170,1,8
5172,5171,1,2
5173,5172,1,9
5174,5173,1,3
5175,5174,1,1
5176,5175,1,4
5177,5176,1,1
5178,5177,1,5
5179,5178,1,7
5180,5179,1,6
5181,5180,1,4
5182,5181,1,7
5183,5182,1,7
5184,5183,1,8
5185,5184,1,3
5186,5185,1,9
5187,5186,1,3
5188,5187,1,0
5189,5188,1,5
5190,5189,1,1
5191,5190,1,3
5192,5191,1,2
5193,5192,1,0
5194,5193,1,3
5195,5194,1,0
5196,5195,1,4
5197,5196,1,0
5198,5197,1,7
5199,5198,1,4
5200,5199,1,8
5201,5200,1,8
5202,5201,1,9
5203,5202,1,0
5204,5203,1,0
5205,5204,1,1
5206,5205,1,8
5207,5206,1,7
5208,5207,1,3
5209,5208,1,9
5210,5209,1,9
5211,5210,1,5
5212,5211,1,5
5213,5212,1,9
5214,5213,1,6
5215,5214,1,7
5216,5215,1,8
5217,5216,1,2
5218,5217,1,4
5219,5218,1,6
5220,5219,1,9
5221,5220,1,8
5222,5221,1,1
5223,5222,1,6
5224,5223,1,7
5225,5224,1,9
5226,5225,1,1
5227,5226,1,6
5228,5227,1,2
5229,5228,1,0
5230,5229,1,9
5231,5230,1,6
5232,5231,1,6
5233,5232,1,2
5234,5233,1,9
5235,5234,1,1
5236,5235,1,1
5237,5236,1,2
5238,5237,1,1
5239,5238,1,3
5240,5239,1,1
5241,5240,1,5
5242,5241,1,2
5243,5242,1,7
5244,5243,1,8
5245,5244,1,0
5246,5245,1,1
5247,5246,1,0
5248,5247,1,2
5249,5248,1,8
5250,5249,1,0
5251,5250,1,2
5252,5251,1,7
5253,5252,1,3
5254,5253,1,7
5255,5254,1,5
5256,5255,1,5
5257,5256,1,1
5258,5257,1,8
5259,5258,1,2
5260,5259,1,2
5261,5260,1,6
5262,5261,1,9
5263,5262,1,1
5264,5263,1,8
5265,5264,1,7
5266,5265,1,4
5267,5266,1,0
5268,5267,1,6
5269,5268,1,0
5270,5269,1,7
5271,5270,1,3
5272,5271,1,1
5273,5272,1,0
5274,5273,1,6
5275,5273,1,6
5276,5275,1,0
5277,5276,1,9
5278,5277,1,3
5279,5278,1,4
5280,5279,1,6
5281,5280,1,7
5282,5281,1,8
5283,5282,1,9
5284,5283,1,7
5285,5284,1,3
5286,5285,1,0
5287,5286,1,0
5288,5287,1,4
5289,5288,1,0
5290,5289,1,2
5291,5290,1,6
5292,5291,1,7
5293,5292,1,5
5294,5293,1,4
5295,5294,1,6
5296,5295,1,4
5297,5296,1,8
5298,5297,1,2
5299,5298,1,0
5300,5299,1,8
5301,5300,1,7
5302,5301,1,1
5303,5302,1,7
5304,5303,1,5
5305,5304,1,1
5306,5305,1,1
5307,5306,1,2
5308,5307,1,2
5309,5308,1,7
5310,5309,1,5
5311,5310,1,6
5312,5311,1,6
5313,5312,1,7
5314,5313,1,4
5315,5314,1,2
5316,5315,1,3
5317,5316,1,9
5318,5317,1,0
5319,5318,1,2
5320,5319,1,0
5321,5320,1,9
5322,5321,1,0
5323,5322,1,4
5324,5323,1,3
5325,5324,1,4
5326,5325,1,7
5327,5326,1,7
5328,5327,1,0
5329,5328,1,3
5330,5329,1,6
5331,5330,1,0
5332,5331,1,4
5333,5332,1,3
5334,5333,1,8
5335,5334,1,6
5336,5335,1,8
5337,5336,1,1
5338,5337,1,3
5339,5338,1,8
5340,5339,1,9
5341,5340,1,0
5342,5341,1,9
5343,5342,1,0
5344,5343,1,8
5345,5344,1,0
5346,5345,1,2
5347,5346,1,8
5348,5347,1,7
5349,5348,1,8
5350,5349,1,7
5351,5350,1,9
5352,5351,1,1
5353,5352,1,7
5354,5353,1,0
5355,5354,1,3
5356,5355,1,1
5357,5356,1,4
5358,5357,1,2
5359,5358,1,3
5360,5359,1,3
5361,5360,1,8
5362,5361,1,4
5363,5362,1,9
5364,5363,1,5
5365,5364,1,6
5366,5365,1,6
5367,5366,1,4
5368,5367,1,7
5369,5368,1,0
5370,5369,1,8
5371,5370,1,3
5372,5371,1,9
5373,5372,1,8
5374,5373,1,0
5375,5374,1,6
5376,5375,1,1
5377,5376,1,8
5378,5377,1,2
5379,5378,1,5
5380,5379,1,3
5381,5380,1,2
5382,5380,1,2
5383,5382,1,5
5384,5382,1,5
5385,5384,1,6
5386,5385,1,6
5387,5386,1,9
5388,5387,1,7
5389,5388,1,3
5390,5389,1,8
5391,5390,1,9
5392,5391,1,9
5393,5392,1,3
5394,5393,1,0
5395,5394,1,8
5396,5395,1,1
5397,5396,1,3
5398,5397,1,2
5399,5398,1,0
5400,5399,1,3
5401,5400,1,2
5402,5401,1,4
5403,5402,1,9
5404,5403,1,5
5405,5404,1,9
5406,5405,1,6
5407,5406,1,4
5408,5407,1,7
5409,5408,1,3
5410,5409,1,8
5411,5410,1,4
5412,5411,1,9
5413,5412,1,3
5414,5413,1,6
5415,5414,1,5
5416,5415,1,2
5417,5416,1,7
5418,5417,1,5
5419,5418,1,8
5420,5419,1,6
5421,5420,1,2
5422,5421,1,2
5423,5422,1,7
5424,5423,1,5
5425,5424,1,5
5426,5425,1,1
5427,5426,1,9
5428,5427,1,7
5429,5428,1,1
5430,5429,1,1
5431,5430,1,8
5432,5431,1,8
5433,5432,1,3
5434,5433,1,3
5435,5434,1,3
5436,5435,1,8
5437,5436,1,2
5438,5437,1,7
5439,5438,1,2
5440,5439,1,1
5441,5440,1,5
5442,5441,1,7
5443,5442,1,3
5444,5443,1,1
5445,5444,1,4
5446,5445,1,4
5447,5446,1,7
5448,5447,1,7
5449,5448,1,7
5450,5449,1,2
5451,5450,1,4
5452,5451,1,6
5453,5452,1,5
5454,5453,1,5
5455,5453,1,5
5456,5455,1,3
5457,5456,1,5
5458,5456,1,5
5459,5458,1,3
5460,5459,1,9
5461,5460,1,8
5462,5461,1,0
5463,5462,1,0
5464,5463,1,8
5465,5464,1,0
5466,5465,1,7
5467,5466,1,6
5468,5467,1,3
5469,5468,1,0
5470,5469,1,0
5471,5470,1,0
5472,5471,1,3
5473,5472,1,7
5474,5473,1,7
5475,5474,1,8
5476,5475,1,0
5477,5476,1,8
5478,5477,1,1
5479,5478,1,9
5480,5479,1,1
5481,5480,1,2
5482,5481,1,2
5483,5482,1,4
5484,5483,1,1
5485,5484,1,1
5486,5485,1,6
5487,5486,1,6
5488,5487,1,0
5489,5488,1,0
5490,5489,1,5
5491,5490,1,4
5492,5491,1,3
5493,5492,1,9
5494,5493,1,3
5495,5494,1,1
5496,5495,1,6
5497,5496,1,7
5498,5497,1,3
5499,5498,1,0
5500,5499,1,5
5501,5500,1,1
5502,5501,1,9
5503,5502,1,0
5504,5503,1,9
5505,5504,1,7
5506,5505,1,0
5507,5506,1,5
5508,5507,1,1
5509,5508,1,2
5510,5509,1,2
5511,5510,1,3
5512,5511,1,3
5513,5512,1,0
5514,5513,1,4
5515,5514,1,0
5516,5515,1,5
5517,5516,1,1
5518,5517,1,6
5519,5518,1,9
5520,5519,1,7
5521,5520,1,1
5522,5521,1,8
5523,5522,1,9
5524,5523,1,9
5525,5524,1,6
5526,5525,1,0
5527,5526,1,5
5528,5527,1,1
5529,5528,1,2
5530,5529,1,2
5531,5530,1,1
5532,5531,1,3
5533,5532,1,9
5534,5533,1,4
5535,5534,1,8
5536,5535,1,7
5537,5536,1,8
5538,5537,1,8
5539,5538,1,9
5540,5539,1,9
5541,5540,1,7
5542,5541,1,0
5543,5542,1,3
5544,5543,1,1
5545,5544,1,9
5546,5545,1,2
5547,5546,1,7
5548,5547,1,3
5549,5548,1,8
5550,5549,1,4
5551,5550,1,5
5552,5551,1,5
5553,5552,1,1
5554,5553,1,6
5555,5554,1,6
5556,5555,1,7
5557,5556,1,6
5558,5557,1,8
5559,5558,1,9
5560,5559,1,9
5561,5560,1,0
5562,5561,1,6
5563,5562,1,3
5564,5563,1,0
5565,5564,1,7
5566,5565,1,7
5567,5566,1,6
5568,5567,1,3
5569,5568,1,7
5570,5569,1,7
5571,5570,1,1
5572,5571,1,1
5573,5572,1,9
5574,5573,1,3
5575,5574,1,8
5576,5575,1,7
5577,5576,1,6
5578,5577,1,9
5579,5578,1,3
5580,5579,1,7
5581,5580,1,4
5582,5581,1,4
5583,5582,1,1
5584,5583,1,0
5585,5584,1,7
5586,5585,1,0
5587,5586,1,6
5588,5587,1,6
5589,5588,1,3
5590,5589,1,9
5591,5590,1,4
5592,5591,1,5
5593,5592,1,9
5594,5593,1,6
5595,5594,1,8
5596,5595,1,9
5597,5596,1,7
5598,5597,1,8
5599,5598,1,5
5600,5599,1,5
5601,5600,1,6
5602,5601,1,1
5603,5602,1,2
5604,5603,1,5
5605,5604,1,0
5606,5605,1,3
5607,5606,1,5
5608,5606,1,5
5609,5608,1,0
5610,5609,1,8
5611,5610,1,1
5612,5611,1,3
5613,5612,1,0
5614,5613,1,4
5615,5614,1,9
5616,5615,1,0
5617,5616,1,3
5618,5617,1,5
5619,5618,1,2
5620,5619,1,6
5621,5620,1,5
5622,5621,1,3
5623,5622,1,0
5624,5623,1,4
5625,5624,1,2
5626,5625,1,8
5627,5626,1,7
5628,5627,1,0
5629,5628,1,8
5630,5629,1,6
5631,5630,1,1
5632,5631,1,4
5633,5632,1,6
5634,5633,1,8
5635,5634,1,6
5636,5635,1,1
5637,5636,1,4
5638,5637,1,3
5639,5638,1,2
5640,5639,1,4
5641,5640,1,3
5642,5641,1,0
5643,5642,1,3
5644,5643,1,1
5645,5644,1,1
5646,5645,1,9
5647,5646,1,0
5648,5647,1,2
5649,5648,1,1
5650,5649,1,3
5651,5650,1,7
5652,5651,1,7
5653,5652,1,7
5654,5653,1,5
5655,5654,1,6
5656,5655,1,1
5657,5656,1,2
5658,5657,1,7
5659,5658,1,9
5660,5659,1,2
5661,5660,1,3
5662,5661,1,8
5663,5662,1,0
5664,5663,1,7
5665,5664,1,9
5666,5665,1,0
5667,5666,1,5
5668,5667,1,1
5669,5668,1,5
5670,5669,1,9
5671,5670,1,8
5672,5671,1,6
5673,5672,1,9
5674,5673,1,4
5675,5674,1,0
5676,5675,1,1
5677,5676,1,7
5678,5677,1,2
5679,5678,1,5
5680,5679,1,3
5681,5680,1,8
5682,5681,1,1
5683,5682,1,6
5684,5683,1,3
5685,5684,1,6
5686,5685,1,5
5687,5686,1,6
5688,5687,1,3
5689,5688,1,5
5690,5689,1,4
5691,5690,1,0
5692,5691,1,1
5693,5692,1,0
5694,5693,1,6
5695,5694,1,0
5696,5695,1,8
5697,5696,1,8
5698,5697,1,0
5699,5698,1,0
5700,5699,1,8
5701,5700,1,2
5702,5701,1,9
5703,5702,1,3
5704,5703,1,4
5705,5704,1,9
5706,5705,1,9
5707,5706,1,2
5708,5707,1,2
5709,5708,1,1
5710,5709,1,6
5711,5710,1,3
5712,5711,1,0
5713,5712,1,5
5714,5713,1,1
5715,5714,1,1
5716,5715,1,2
5717,5716,1,7
5718,5717,1,3
5719,5718,1,9
5720,5719,1,5
5721,5720,1,4
5722,5721,1,6
5723,5722,1,2
5724,5723,1,7
5725,5724,1,2
5726,5725,1,8
5727,5726,1,9
5728,5727,1,9
5729,5728,1,3
5730,5729,1,0
5731,5730,1,0
5732,5731,1,1
5733,5732,1,1
5734,5733,1,2
5735,5734,1,4
5736,5735,1,4
5737,5736,1,3
5738,5737,1,5
5739,5738,1,3
5740,5739,1,6
5741,5740,1,9
5742,5741,1,7
5743,5742,1,5
5744,5743,1,8
5745,5744,1,2
5746,5745,1,9
5747,5746,1,9
5748,5747,1,0
5749,5748,1,3
5750,5749,1,1
5751,5750,1,6
5752,5751,1,2
5753,5752,1,5
5754,5753,1,3
5755,5754,1,7
5756,5755,1,4
5757,5756,1,1
5758,5757,1,5
5759,5758,1,2
